id,canonical_key,title,identifier,primary_url,kind,evidence_level,verification_scope,supported_claim_and_limit,source_record,source_line,recorded_at,record_text
H001,10.3390/s24216777,"Yang et al. *Vision-Based Localization Method for Picking Points in Tea-Harvesting Robots*. Sensors, 2024, 24(21), 6777. DOI: 10.3390/s24216777。出版商；原始摘要",10.3390/s24216777,https://www.mdpi.com/1424-8220/24/21/6777)；[原始摘要](https://pubmed.ncbi.nlm.nih.gov/39517674/,historical_record,HISTORY,历史报告原条目迁移；具体F/A/S等与范围见record_text，本次不自动升级核查深度,,archive/reports/tea_camera_end_effector_audit_2026-09-05.md::J01,19,2026-09-05,"| J01 | Yang et al. *Vision-Based Localization Method for Picking Points in Tea-Harvesting Robots*. Sensors, 2024, 24(21), 6777. DOI: 10.3390/s24216777。[出版商](https://www.mdpi.com/1424-8220/24/21/6777)；[原始摘要](https://pubmed.ncbi.nlm.nih.gov/39517674/) | A | 明确有远近景分层视觉伺服：远景识别茶芽 ROI，近景处理茶梗，再融合深度定位采摘点。是本方案首要茶叶基线。其定位结果不能等同于实体低损伤采摘成功率，也不能转移为用户相机精度。 |"
H002,10.1016/j.biosystemseng.2015.12.001,"Barth, Hemming and van Henten. *Design of an eye-in-hand sensing and servo control framework for harvesting robotics in dense vegetation*. Biosystems Engineering, 2016, 146, 71–84. DOI: 10.1016/j.biosystemseng.2015.12.001。作者机构记录与摘要",10.1016/j.biosystemseng.2015.12.001,https://research.wur.nl/en/publications/design-of-an-eye-in-hand-sensing-and-servo-control-framework-for-/,historical_record,HISTORY,历史报告原条目迁移；具体F/A/S等与范围见record_text，本次不自动升级核查深度,,archive/reports/tea_camera_end_effector_audit_2026-09-05.md::J02,20,2026-09-05,"| J02 | Barth, Hemming and van Henten. *Design of an eye-in-hand sensing and servo control framework for harvesting robotics in dense vegetation*. Biosystems Engineering, 2016, 146, 71–84. DOI: 10.1016/j.biosystemseng.2015.12.001。[作者机构记录与摘要](https://research.wur.nl/en/publications/design-of-an-eye-in-hand-sensing-and-servo-control-framework-for-/) | A | 密集植被中的末端相机、视觉反馈、轨迹修正和多视点已有框架。验证采用人工甜椒植被的实验室定性试验；可以与真实茶树条件区分，但不能再宣称首创眼在手上农业闭环。 |"
H003,10.1016/j.compag.2025.110668,"Liang et al. *Palm vision and servo control strategy of tomato picking robot based on global positioning*. Computers and Electronics in Agriculture, 2025, 237, 110668. DOI: 10.1016/j.compag.2025.110668。出版商",10.1016/j.compag.2025.110668,https://www.sciencedirect.com/science/article/abs/pii/S0168169925007744,historical_record,HISTORY,历史报告原条目迁移；具体F/A/S等与范围见record_text，本次不自动升级核查深度,,archive/reports/tea_camera_end_effector_audit_2026-09-05.md::J03,21,2026-09-05,"| J03 | Liang et al. *Palm vision and servo control strategy of tomato picking robot based on global positioning*. Computers and Electronics in Agriculture, 2025, 237, 110668. DOI: 10.1016/j.compag.2025.110668。[出版商](https://www.sciencedirect.com/science/article/abs/pii/S0168169925007744) | S | 掌心视觉、全局定位与视觉伺服构成直接邻近架构。原始索引涉及全局相机和掌心相机；本次全文访问受限，不据此填写未核验的控制算法、成功率或精度。 |"
H004,10.1016/j.compag.2024.108774,"Chen et al. *Dynamic visual servo control methods for continuous operation of a fruit harvesting robot working throughout an orchard*. Computers and Electronics in Agriculture, 2024, 219, 108774. DOI: 10.1016/j.compag.2024.108774。出版商",10.1016/j.compag.2024.108774,https://www.sciencedirect.com/science/article/abs/pii/S0168169924001650,historical_record,HISTORY,历史报告原条目迁移；具体F/A/S等与范围见record_text，本次不自动升级核查深度,,archive/reports/tea_camera_end_effector_audit_2026-09-05.md::J04,22,2026-09-05,"| J04 | Chen et al. *Dynamic visual servo control methods for continuous operation of a fruit harvesting robot working throughout an orchard*. Computers and Electronics in Agriculture, 2024, 219, 108774. DOI: 10.1016/j.compag.2024.108774。[出版商](https://www.sciencedirect.com/science/article/abs/pii/S0168169924001650) | S | 动态视觉伺服与连续采摘操作已有系统研究。只把观察、移动、采摘串成连续流程不足以形成新框架；具体动态控制律仍需全文对比。 |"
H005,10.3390/agriculture16050620,"Kan et al. *A Progressive Hybrid Automatic Switching Visual Servoing Method for Apple-Picking Robots*. Agriculture, 2026, 16(5), 620. DOI: 10.3390/agriculture16050620。出版商",10.3390/agriculture16050620,https://www.mdpi.com/2077-0472/16/5/620,historical_record,HISTORY,历史报告原条目迁移；具体F/A/S等与范围见record_text，本次不自动升级核查深度,,archive/reports/tea_camera_end_effector_audit_2026-09-05.md::J05,23,2026-09-05,"| J05 | Kan et al. *A Progressive Hybrid Automatic Switching Visual Servoing Method for Apple-Picking Robots*. Agriculture, 2026, 16(5), 620. DOI: 10.3390/agriculture16050620。[出版商](https://www.mdpi.com/2077-0472/16/5/620) | S | 已有基于深度切换的混合视觉伺服。仅提出“远近阶段切换控制器”风险高；切换阈值必须有新的任务或误差依据。 |"
H006,10.1016/j.compag.2023.107659,"Li et al. *Development and field evaluation of a robotic harvesting system for plucking high-quality tea*. Computers and Electronics in Agriculture, 2023, 206, 107659. DOI: 10.1016/j.compag.2023.107659。出版商",10.1016/j.compag.2023.107659,https://www.sciencedirect.com/science/article/pii/S0168169923000479,historical_record,HISTORY,历史报告原条目迁移；具体F/A/S等与范围见record_text，本次不自动升级核查深度,,archive/reports/tea_camera_end_effector_audit_2026-09-05.md::J06,24,2026-09-05,"| J06 | Li et al. *Development and field evaluation of a robotic harvesting system for plucking high-quality tea*. Computers and Electronics in Agriculture, 2023, 206, 107659. DOI: 10.1016/j.compag.2023.107659。[出版商](https://www.sciencedirect.com/science/article/pii/S0168169923000479) | M/S | 真实茶叶采摘系统与实地验证的直接领域参照。此次未取得全文，不能因其参考文献出现 eye-in-hand 就认定自身一定采用同样配置。 |"
H007,10.1002/rob.22559,"He et al. *Localization of Tea Shoots for Robotic Plucking Using Binocular Stereo Vision*. Journal of Field Robotics, 2025. DOI: 10.1002/rob.22559。原始摘要",10.1002/rob.22559,https://onlinelibrary.wiley.com/doi/full/10.1002/rob.22559,historical_record,HISTORY,历史报告原条目迁移；具体F/A/S等与范围见record_text，本次不自动升级核查深度,,archive/reports/tea_camera_end_effector_audit_2026-09-05.md::J07,25,2026-09-05,"| J07 | He et al. *Localization of Tea Shoots for Robotic Plucking Using Binocular Stereo Vision*. Journal of Field Robotics, 2025. DOI: 10.1002/rob.22559。[原始摘要](https://onlinelibrary.wiley.com/doi/full/10.1002/rob.22559) | A，本轮沿用前次已核对来源 | 茶梢双目分割、匹配、三角测量与采摘点定位已有。换成低分辨率相机不能单独成为算法创新。 |"
H008,10.4081/jae.2025.1637,Wang et al. *Automated tea shoot picking using the YOLO network and Mamba images segmentation for top-view detection with a monocular camera*. Journal of Agricultural Engineering，2025 年在线、2026 年卷期。DOI: 10.4081/jae.2025.1637。原始摘要,10.4081/jae.2025.1637,https://www.agroengineering.org/jae/article/view/1637,historical_record,HISTORY,历史报告原条目迁移；具体F/A/S等与范围见record_text，本次不自动升级核查深度,,archive/reports/tea_camera_end_effector_audit_2026-09-05.md::J08,26,2026-09-05,| J08 | Wang et al. *Automated tea shoot picking using the YOLO network and Mamba images segmentation for top-view detection with a monocular camera*. Journal of Agricultural Engineering，2025 年在线、2026 年卷期。DOI: 10.4081/jae.2025.1637。[原始摘要](https://www.agroengineering.org/jae/article/view/1637) | A，本轮沿用前次已核对来源 | 已采用茶梢检测、裁剪、分割及红外反馈驱动末端的方案。单目顶视可作为减少不可靠深度依赖的对照；模拟茶园实验不能直接推广为自然茶园表现。 |
H009,10.3390/agriculture11020128,"Zhu et al. *Deviation Tolerance Performance Evaluation and Experiment of Picking End Effector for Famous Tea*. Agriculture, 2021, 11(2), 128. DOI: 10.3390/agriculture11020128。出版商",10.3390/agriculture11020128,https://www.mdpi.com/2077-0472/11/2/128,historical_record,HISTORY,历史报告原条目迁移；具体F/A/S等与范围见record_text，本次不自动升级核查深度,,archive/reports/tea_camera_end_effector_audit_2026-09-05.md::J09,27,2026-09-05,"| J09 | Zhu et al. *Deviation Tolerance Performance Evaluation and Experiment of Picking End Effector for Famous Tea*. Agriculture, 2021, 11(2), 128. DOI: 10.3390/agriculture11020128。[出版商](https://www.mdpi.com/2077-0472/11/2/128) | S，本轮沿用前次已核对来源 | 负压引导末端与偏差容忍评价已有直接研究。需比较具体结构或新的误差利用机制，不能把“容差大”作为未经比较的创新。 |"
H010,https://www.sciencedirect.com/science/article/pii/S2772375525005489)；[作者机构发表记录](https://jdgcxy.ncu.edu.cn/English/Faculty/MastersSupervisor/c1c991eabff947ffbe272d4813399d3b.htm,"Huang et al. *Towards autonomous premium tea harvesting: A high-efficiency and high-quality path planning based on optimized IABFMT* algorithm in unstructured canopies*. Smart Agricultural Technology, 2025, 12。出版商；作者机构发表记录",,https://www.sciencedirect.com/science/article/pii/S2772375525005489)；[作者机构发表记录](https://jdgcxy.ncu.edu.cn/English/Faculty/MastersSupervisor/c1c991eabff947ffbe272d4813399d3b.htm,historical_record,HISTORY,历史报告原条目迁移；具体F/A/S等与范围见record_text，本次不自动升级核查深度,,archive/reports/tea_camera_end_effector_audit_2026-09-05.md::J10,28,2026-09-05,"| J10 | Huang et al. *Towards autonomous premium tea harvesting: A high-efficiency and high-quality path planning based on optimized IABFMT* algorithm in unstructured canopies*. Smart Agricultural Technology, 2025, 12。[出版商](https://www.sciencedirect.com/science/article/pii/S2772375525005489)；[作者机构发表记录](https://jdgcxy.ncu.edu.cn/English/Faculty/MastersSupervisor/c1c991eabff947ffbe272d4813399d3b.htm) | S | 检索片段涉及机械臂运动中的近距离相机点云，主线为路径规划。本轮未取得正文，保留为后续精读项；不据题名声称其已实现本项目全部视觉反馈与剪切功能。 |"
H011,10.1109/icra40945.2020.9197272,"Cuevas-Velasquez et al. *Real-time Stereo Visual Servoing for Rose Pruning with Robotic Arm*. ICRA, 2020, 7050–7056. DOI: 10.1109/ICRA40945.2020.9197272。作者全文；机构出版记录",10.1109/ICRA40945.2020.9197272,https://homepages.inf.ed.ac.uk/rbf/PAPERS/HCICRA20.pdf)；[机构出版记录](https://research.wur.nl/en/publications/real-time-stereo-visual-servoing-for-rose-pruning-with-robotic-ar/,historical_record,HISTORY,历史报告原条目迁移；具体F/A/S等与范围见record_text，本次不自动升级核查深度,,archive/reports/tea_camera_end_effector_audit_2026-09-05.md::C01,29,2026-09-05,"| C01 | Cuevas-Velasquez et al. *Real-time Stereo Visual Servoing for Rose Pruning with Robotic Arm*. ICRA, 2020, 7050–7056. DOI: 10.1109/ICRA40945.2020.9197272。[作者全文](https://homepages.inf.ed.ac.uk/rbf/PAPERS/HCICRA20.pdf)；[机构出版记录](https://research.wur.nl/en/publications/real-time-stereo-visual-servoing-for-rose-pruning-with-robotic-ar/) | F，会议论文 | 末端双目相机＋细枝剪切＋实时位置更新。正文相机为 752×480，近距使用约 3 cm 基线，刀具布局考虑切割动作与视野。已明显接近“低像素、近距离、局部看准”。其按高度剪枝与茶芽采摘等级、嫩梗损伤要求不同。 |"
H012,https://arxiv.org/html/2411.09929v1,"Kim, Silwal and Kantor. *Autonomous Robotic Pepper Harvesting: Imitation Learning in Unstructured Agricultural Environments*. arXiv:2411.09929，2024。作者公开全文",,https://arxiv.org/html/2411.09929v1,historical_record,HISTORY,历史报告原条目迁移；具体F/A/S等与范围见record_text，本次不自动升级核查深度,,archive/reports/tea_camera_end_effector_audit_2026-09-05.md::P01,30,2026-09-05,"| P01 | Kim, Silwal and Kantor. *Autonomous Robotic Pepper Harvesting: Imitation Learning in Unstructured Agricultural Environments*. arXiv:2411.09929，2024。[作者公开全文](https://arxiv.org/html/2411.09929v1) | F，按公开稿记录，未确认后续期刊版本 | 剪夹机构集成鱼眼相机，位置安排考虑采后果实和机构状态可见性。相机与刀具整合及可见性安排已有相邻研究；其模仿学习方法与用户计划不同。 |"
H013,https://patents.google.com/patent/CN116138036A/zh)；[B,《一种用于名优茶嫩芽采摘的二次定位方法》。CN116138036A，2023-05-23 公开；CN116138036B，2024-04-02 授权公告。A 文本；B 文本,,https://patents.google.com/patent/CN116138036A/zh)；[B,historical_record,HISTORY,历史报告原条目迁移；具体F/A/S等与范围见record_text，本次不自动升级核查深度,,archive/reports/tea_camera_end_effector_audit_2026-09-05.md::T01,31,2026-09-05,| T01 | 《一种用于名优茶嫩芽采摘的二次定位方法》。CN116138036A，2023-05-23 公开；CN116138036B，2024-04-02 授权公告。[A 文本](https://patents.google.com/patent/CN116138036A/zh)；[B 文本](https://patents.google.com/patent/CN116138036B/zh) | F；多次复定位条款主要由原始记录的检索索引核对 | 固定相机与末端相机分别执行初定位和二次定位，采摘点与角度进行坐标转换。B 文本检索索引还明确包含多次二次定位和误差门限。属于技术公开，不能当作期刊实验性能证据；这里仅作方法重复审查，不作法律状态或实施权利判断。 |
H019,10.3389/fpls.2026.1786144/full,Tea bud pose estimation and grading detection network based on improved YOLOv7,10.3389/fpls.2026.1786144/full,https://www.frontiersin.org/journals/plant-science/articles/10.3389/fpls.2026.1786144/full)**,historical_record,HISTORY,历史报告原条目迁移；具体F/A/S等与范围见record_text，本次不自动升级核查深度,,archive/reports/tea_region_38_questions_novelty_audit_2026-09-05.md::R01,774,2026-09-05,"**R01｜[Tea bud pose estimation and grading detection network based on improved YOLOv7](https://www.frontiersin.org/journals/plant-science/articles/10.3389/fpls.2026.1786144/full)**

Frontiers in Plant Science, 2026。DOI：10.3389/fpls.2026.1786144。证据：F。

已知重叠与边界：同时输出一芽一叶、一芽二叶类别与结构关键点；标注时未标注遮挡超过60%的对象。该限制仅属于这篇论文，不能外推为整个领域未研究强遮挡。"
H020,10.3390/agriculture15020198,Instance Segmentation and 3D Pose Estimation of Tea Bud Leaves for Autonomous Harvesting Robots,10.3390/agriculture15020198,https://www.mdpi.com/2077-0472/15/2/198)**,historical_record,HISTORY,历史报告原条目迁移；具体F/A/S等与范围见record_text，本次不自动升级核查深度,,archive/reports/tea_region_38_questions_novelty_audit_2026-09-05.md::R02,780,2026-09-05,"**R02｜[Instance Segmentation and 3D Pose Estimation of Tea Bud Leaves for Autonomous Harvesting Robots](https://www.mdpi.com/2077-0472/15/2/198)**

Agriculture, 2025。DOI：10.3390/agriculture15020198。证据：S。

已知重叠与边界：RGB-D茶芽实例分割、适应尺度变化的姿态估计已有直接工作。本轮出版商正文访问受限，具体方法差异仍需全文复核。"
H021,10.3390/agriculture15020144,Plucking Point and Posture Determination of Tea Buds Based on Deep Learning,10.3390/agriculture15020144,https://www.mdpi.com/2077-0472/15/2/144)**,historical_record,HISTORY,历史报告原条目迁移；具体F/A/S等与范围见record_text，本次不自动升级核查深度,,archive/reports/tea_region_38_questions_novelty_audit_2026-09-05.md::R03,786,2026-09-05,"**R03｜[Plucking Point and Posture Determination of Tea Buds Based on Deep Learning](https://www.mdpi.com/2077-0472/15/2/144)**

Agriculture, 2025。DOI：10.3390/agriculture15020144。证据：S。

已知重叠与边界：题名与出版信息确认点、姿态联合研究；未据此认定其解决了芽叶跨实例归属问题。"
H022,10.1016/j.engappai.2026.115056,Exploiting anchor-free and graph reasoning framework for dense tea bud detection and picking point identification,10.1016/j.engappai.2026.115056,https://www.sciencedirect.com/science/article/abs/pii/S0952197626013394)**,historical_record,HISTORY,历史报告原条目迁移；具体F/A/S等与范围见record_text，本次不自动升级核查深度,,archive/reports/tea_region_38_questions_novelty_audit_2026-09-05.md::R04,792,2026-09-05,"**R04｜[Exploiting anchor-free and graph reasoning framework for dense tea bud detection and picking point identification](https://www.sciencedirect.com/science/article/abs/pii/S0952197626013394)**

Engineering Applications of Artificial Intelligence, 2026。DOI：10.1016/j.engappai.2026.115056。证据：S。

已知重叠与边界：图推理用于密集茶芽检测与采摘点识别已出现。图中节点/边的具体定义尚未核实，不能把题名扩大解释为完整植物拓扑重建。"
H023,10.3389/fpls.2026.1739203/full,TeaNeRF: an integrated 3D visual perception pipeline for tea bud harvesting,10.3389/fpls.2026.1739203/full,https://www.frontiersin.org/journals/plant-science/articles/10.3389/fpls.2026.1739203/full)**,historical_record,HISTORY,历史报告原条目迁移；具体F/A/S等与范围见record_text，本次不自动升级核查深度,,archive/reports/tea_region_38_questions_novelty_audit_2026-09-05.md::R05,798,2026-09-05,"**R05｜[TeaNeRF: an integrated 3D visual perception pipeline for tea bud harvesting](https://www.frontiersin.org/journals/plant-science/articles/10.3389/fpls.2026.1739203/full)**

Frontiers in Plant Science, 2026。DOI：10.3389/fpls.2026.1739203。证据：F。

已知重叠与边界：多视角茶树重建、语义点云、计数与候选采摘点已有工作；作者将结果定位于感知层，实验条件有控制，不能直接当作动态茶园闭环采摘验证。"
H024,10.3390/s24216777,Vision-Based Localization Method for Picking Points in Tea-Harvesting Robots,10.3390/s24216777,https://pubmed.ncbi.nlm.nih.gov/39517674/)**,historical_record,HISTORY,历史报告原条目迁移；具体F/A/S等与范围见record_text，本次不自动升级核查深度,,archive/reports/tea_region_38_questions_novelty_audit_2026-09-05.md::R06,804,2026-09-05,"**R06｜[Vision-Based Localization Method for Picking Points in Tea-Harvesting Robots](https://pubmed.ncbi.nlm.nih.gov/39517674/)**

Sensors, 2024。DOI：10.3390/s24216777。证据：A（前轮）。

已知重叠与边界：远视野茶芽ROI、近视野茎分割与深度融合定位已经用于茶叶。摘要中的定位成功率不等于完整采摘成功率。"
H025,10.1002/rob.22559,Localization of Tea Shoots for Robotic Plucking Using Binocular Stereo Vision,10.1002/rob.22559,https://onlinelibrary.wiley.com/doi/full/10.1002/rob.22559)**,historical_record,HISTORY,历史报告原条目迁移；具体F/A/S等与范围见record_text，本次不自动升级核查深度,,archive/reports/tea_region_38_questions_novelty_audit_2026-09-05.md::R07,810,2026-09-05,"**R07｜[Localization of Tea Shoots for Robotic Plucking Using Binocular Stereo Vision](https://onlinelibrary.wiley.com/doi/full/10.1002/rob.22559)**

Journal of Field Robotics, 2025。DOI：10.1002/rob.22559。证据：A（前轮）。

已知重叠与边界：茶芽双目实例匹配、深度定位及采摘验证已有研究，不能将双目或近距毫米定位本身作为创新。"
H026,10.3390/agronomy14081800,YOLO Recognition Method for Tea Shoots Based on Polariser Filtering and LFAnet,10.3390/agronomy14081800,https://www.mdpi.com/2073-4395/14/8/1800)**,historical_record,HISTORY,历史报告原条目迁移；具体F/A/S等与范围见record_text，本次不自动升级核查深度,,archive/reports/tea_region_38_questions_novelty_audit_2026-09-05.md::R08,816,2026-09-05,"**R08｜[YOLO Recognition Method for Tea Shoots Based on Polariser Filtering and LFAnet](https://www.mdpi.com/2073-4395/14/8/1800)**

Agronomy, 2024。DOI：10.3390/agronomy14081800。证据：S。

已知重叠与边界：偏振成像参数与茶芽识别的结合已有论文；曝光/偏振硬件改良应比较既有成像方法。"
H027,10.3390/agronomy15030582,A Lightweight Tea Bud-Grading Detection Model for Embedded Applications,10.3390/agronomy15030582,https://www.mdpi.com/2073-4395/15/3/582)**,historical_record,HISTORY,历史报告原条目迁移；具体F/A/S等与范围见record_text，本次不自动升级核查深度,,archive/reports/tea_region_38_questions_novelty_audit_2026-09-05.md::R09,822,2026-09-05,"**R09｜[A Lightweight Tea Bud-Grading Detection Model for Embedded Applications](https://www.mdpi.com/2073-4395/15/3/582)**

Agronomy, 2025。DOI：10.3390/agronomy15030582。证据：S。

已知重叠与边界：轻量网络用于茶芽等级检测已有直接工作；本轮仅用其确认方向重叠，不复述具体性能。"
H028,10.1016/j.biosystemseng.2024.09.018,Semantics-aware next-best-view planning for efficient search and detection of task-relevant plant parts,10.1016/j.biosystemseng.2024.09.018,https://www.sciencedirect.com/science/article/pii/S1537511024002204)**,historical_record,HISTORY,历史报告原条目迁移；具体F/A/S等与范围见record_text，本次不自动升级核查深度,,archive/reports/tea_region_38_questions_novelty_audit_2026-09-05.md::R10,828,2026-09-05,"**R10｜[Semantics-aware next-best-view planning for efficient search and detection of task-relevant plant parts](https://www.sciencedirect.com/science/article/pii/S1537511024002204)**

Biosystems Engineering, 2024。DOI：10.1016/j.biosystemseng.2024.09.018。证据：A。

已知重叠与边界：作者稿摘要验证通过语义信息优先观察任务相关植物部位，并有真实温室测试。作者稿：https://arxiv.org/abs/2306.09801 。"
H029,https://www.sciencedirect.com/science/article/pii/S1537511024001740)**,Attention-driven next-best-view planning for efficient reconstruction of plants and targeted plant parts,,https://www.sciencedirect.com/science/article/pii/S1537511024001740)**,historical_record,HISTORY,历史报告原条目迁移；具体F/A/S等与范围见record_text，本次不自动升级核查深度,,archive/reports/tea_region_38_questions_novelty_audit_2026-09-05.md::R11,834,2026-09-05,"**R11｜[Attention-driven next-best-view planning for efficient reconstruction of plants and targeted plant parts](https://www.sciencedirect.com/science/article/pii/S1537511024001740)**

Biosystems Engineering, 2024。证据：A。

已知重叠与边界：针对植物特定部位的重建与视角选择已有工作。原始作者稿：https://arxiv.org/abs/2206.10274 。"
H030,10.1016/j.compag.2025.110266,Multiple object tracking with multi-view active vision to effectively find plant nodes in a cluttered tomato greenhouse,10.1016/j.compag.2025.110266,https://research.wur.nl/en/publications/multiple-object-tracking-with-multi-view-active-vision-to-effecti/)**,historical_record,HISTORY,历史报告原条目迁移；具体F/A/S等与范围见record_text，本次不自动升级核查深度,,archive/reports/tea_region_38_questions_novelty_audit_2026-09-05.md::R12,840,2026-09-05,"**R12｜[Multiple object tracking with multi-view active vision to effectively find plant nodes in a cluttered tomato greenhouse](https://research.wur.nl/en/publications/multiple-object-tracking-with-multi-view-active-vision-to-effecti/)**

Computers and Electronics in Agriculture, 2025。DOI：10.1016/j.compag.2025.110266。证据：A。

已知重叠与边界：真实番茄温室中，将多目标跟踪与主动视角规划结合，比较预设视角和聚类融合；跨视角身份维持并非空白。"
H031,10.1109/lra.2024.3357397,View Planning for Grape Harvesting Based on Active Vision Strategy Under Occlusion,10.1109/LRA.2024.3357397,https://ieeexplore.ieee.org/document/10412087/)**,historical_record,HISTORY,历史报告原条目迁移；具体F/A/S等与范围见record_text，本次不自动升级核查深度,,archive/reports/tea_region_38_questions_novelty_audit_2026-09-05.md::R13,846,2026-09-05,"**R13｜[View Planning for Grape Harvesting Based on Active Vision Strategy Under Occlusion](https://ieeexplore.ieee.org/document/10412087/)**

IEEE Robotics and Automation Letters, 2024。DOI：10.1109/LRA.2024.3357397。证据：S。

已知重叠与边界：视角规划寻找被遮挡果梗已有直接农业机器人研究；与茶茎观察形成重要近邻。"
H032,10.1016/j.compag.2025.110913,View planning for grape harvesting based on self-supervised deep reinforcement learning under occlusion,10.1016/j.compag.2025.110913,https://www.sciencedirect.com/science/article/abs/pii/S0168169925010191)**,historical_record,HISTORY,历史报告原条目迁移；具体F/A/S等与范围见record_text，本次不自动升级核查深度,,archive/reports/tea_region_38_questions_novelty_audit_2026-09-05.md::R14,852,2026-09-05,"**R14｜[View planning for grape harvesting based on self-supervised deep reinforcement learning under occlusion](https://www.sciencedirect.com/science/article/abs/pii/S0168169925010191)**

Computers and Electronics in Agriculture, 2025。DOI：10.1016/j.compag.2025.110913。证据：S。

已知重叠与边界：自监督强化学习用于遮挡下的葡萄采摘视角规划已有工作；仅替换学习算法标签不足以区分。"
H033,10.3390/s26010291,Occlusion Avoidance for Harvesting Robots: A Lightweight Active Perception Model,10.3390/s26010291,https://www.mdpi.com/1424-8220/26/1/291)**,historical_record,HISTORY,历史报告原条目迁移；具体F/A/S等与范围见record_text，本次不自动升级核查深度,,archive/reports/tea_region_38_questions_novelty_audit_2026-09-05.md::R15,858,2026-09-05,"**R15｜[Occlusion Avoidance for Harvesting Robots: A Lightweight Active Perception Model](https://www.mdpi.com/1424-8220/26/1/291)**

Sensors, 2026。DOI：10.3390/s26010291。证据：S。

已知重叠与边界：轻量检测与主动感知结合已出现。本轮原文访问受限，不将摘要中的实时性扩大为在用户开发板上的性能。"
H034,10.1109/tro.2014.2320795,Nonmyopic view planning for active object classification and pose estimation,10.1109/TRO.2014.2320795,https://publications.polymtl.ca/33721/)**,historical_record,HISTORY,历史报告原条目迁移；具体F/A/S等与范围见record_text，本次不自动升级核查深度,,archive/reports/tea_region_38_questions_novelty_audit_2026-09-05.md::R16,864,2026-09-05,"**R16｜[Nonmyopic view planning for active object classification and pose estimation](https://publications.polymtl.ca/33721/)**

IEEE Transactions on Robotics, 2014。DOI：10.1109/TRO.2014.2320795。证据：A（前轮）。

已知重叠与边界：主动分类/姿态估计的多步视角规划与停止决策为已知研究范式；本轮复核出版信息。"
H035,10.1109/access.2021.3086499,Closed-Loop Region of Interest Enabling High Spatial and Temporal Resolutions in Object Detection and Tracking via Wireless Camera,10.1109/ACCESS.2021.3086499,https://ieeexplore.ieee.org/iel7/6287639/9312710/09454528.pdf)**,historical_record,HISTORY,历史报告原条目迁移；具体F/A/S等与范围见record_text，本次不自动升级核查深度,,archive/reports/tea_region_38_questions_novelty_audit_2026-09-05.md::R17,870,2026-09-05,"**R17｜[Closed-Loop Region of Interest Enabling High Spatial and Temporal Resolutions in Object Detection and Tracking via Wireless Camera](https://ieeexplore.ieee.org/iel7/6287639/9312710/09454528.pdf)**

IEEE Access, 2021。DOI：10.1109/ACCESS.2021.3086499。证据：A（前轮）。

已知重叠与边界：检测跟踪反馈驱动ROI、提高空间和时间利用率已有研究；无线传输场景与板端闭环仍需区分。"
H036,10.1177/0278364911436082,Dynamic visual servoing from sequential regions of interest acquisition,10.1177/0278364911436082,https://journals.sagepub.com/doi/10.1177/0278364911436082)**,historical_record,HISTORY,历史报告原条目迁移；具体F/A/S等与范围见record_text，本次不自动升级核查深度,,archive/reports/tea_region_38_questions_novelty_audit_2026-09-05.md::R18,876,2026-09-05,"**R18｜[Dynamic visual servoing from sequential regions of interest acquisition](https://journals.sagepub.com/doi/10.1177/0278364911436082)**

The International Journal of Robotics Research, 2012。DOI：10.1177/0278364911436082。证据：A（前轮）。

已知重叠与边界：顺序区域采集与动态视觉伺服已有研究；本轮复核原始出版信息。"
H037,10.1007/s10846-025-02292-7.pdf,Event-Triggered Nonlinear Visual Predictive Control Strategy for Robots,10.1007/s10846-025-02292-7.pdf,https://link.springer.com/content/pdf/10.1007/s10846-025-02292-7.pdf)**,historical_record,HISTORY,历史报告原条目迁移；具体F/A/S等与范围见record_text，本次不自动升级核查深度,,archive/reports/tea_region_38_questions_novelty_audit_2026-09-05.md::R19,882,2026-09-05,"**R19｜[Event-Triggered Nonlinear Visual Predictive Control Strategy for Robots](https://link.springer.com/content/pdf/10.1007/s10846-025-02292-7.pdf)**

Journal of Intelligent & Robotic Systems, 2025。DOI：10.1007/s10846-025-02292-7。证据：A。

已知重叠与边界：已有事件触发、视场约束和视觉预测控制框架；具体模型或触发机制是否重复仍需逐式比较。"
H038,10.3390/s24144626,Discrete-Time Visual Servoing Control with Adaptive Image Feature Prediction Based on Manipulator Dynamics,10.3390/s24144626,https://scholar.hit.edu.cn/en/publications/discrete-time-visual-servoing-control-with-adaptive-image-feature/)**,historical_record,HISTORY,历史报告原条目迁移；具体F/A/S等与范围见record_text，本次不自动升级核查深度,,archive/reports/tea_region_38_questions_novelty_audit_2026-09-05.md::R20,888,2026-09-05,"**R20｜[Discrete-Time Visual Servoing Control with Adaptive Image Feature Prediction Based on Manipulator Dynamics](https://scholar.hit.edu.cn/en/publications/discrete-time-visual-servoing-control-with-adaptive-image-feature/)**

Sensors, 2024。DOI：10.3390/s24144626。证据：A。

已知重叠与边界：在离散视觉伺服中明确考虑采集与计算时延并预测图像特征；普通时延补偿不是新概念。"
H039,10.1109/icra40945.2020.9197272,Real-time Stereo Visual Servoing for Rose Pruning with Robotic Arm,10.1109/ICRA40945.2020.9197272,https://homepages.inf.ed.ac.uk/rbf/PAPERS/HCICRA20.pdf)**,historical_record,HISTORY,历史报告原条目迁移；具体F/A/S等与范围见record_text，本次不自动升级核查深度,,archive/reports/tea_region_38_questions_novelty_audit_2026-09-05.md::R21,894,2026-09-05,"**R21｜[Real-time Stereo Visual Servoing for Rose Pruning with Robotic Arm](https://homepages.inf.ed.ac.uk/rbf/PAPERS/HCICRA20.pdf)**

ICRA, 2020（会议）。DOI：10.1109/ICRA40945.2020.9197272。证据：F（前轮）。

已知重叠与边界：752×480末端双目与剪枝工具结合，接近细枝时更新剪切位置；已有户外扰动验证。会议工作同样限制创新主张。"
H040,https://arxiv.org/abs/2202.12557)**,Visibility Maximization Controller for Robotic Manipulation,,https://arxiv.org/abs/2202.12557)**,historical_record,HISTORY,历史报告原条目迁移；具体F/A/S等与范围见record_text，本次不自动升级核查深度,,archive/reports/tea_region_38_questions_novelty_audit_2026-09-05.md::R22,900,2026-09-05,"**R22｜[Visibility Maximization Controller for Robotic Manipulation](https://arxiv.org/abs/2202.12557)**

公开作者稿，2022；本轮未核定后续出版状态。证据：A。

已知重叠与边界：处理机器人自身造成的遮挡，并比较可见性与任务效率；主要为eye-to-hand设置，不能视为已完全解决末端相机贴近茶茎的情况。"
H041,10.3390/s18124413,Comparing RGB-D Sensors for Close Range Outdoor Agricultural Phenotyping,10.3390/s18124413,https://www.mdpi.com/1424-8220/18/12/4413)**,historical_record,HISTORY,历史报告原条目迁移；具体F/A/S等与范围见record_text，本次不自动升级核查深度,,archive/reports/tea_region_38_questions_novelty_audit_2026-09-05.md::R23,906,2026-09-05,"**R23｜[Comparing RGB-D Sensors for Close Range Outdoor Agricultural Phenotyping](https://www.mdpi.com/1424-8220/18/12/4413)**

Sensors, 2018。DOI：10.3390/s18124413。证据：S。

已知重叠与边界：户外近距RGB-D测量能力的系统比较已有研究；单纯测相机误差通常是平台基础。"
H042,https://proceedings.mlr.press/v70/guo17a.html)**,On Calibration of Modern Neural Networks,,https://proceedings.mlr.press/v70/guo17a.html)**,historical_record,HISTORY,历史报告原条目迁移；具体F/A/S等与范围见record_text，本次不自动升级核查深度,,archive/reports/tea_region_38_questions_novelty_audit_2026-09-05.md::R24,912,2026-09-05,"**R24｜[On Calibration of Modern Neural Networks](https://proceedings.mlr.press/v70/guo17a.html)**

ICML, 2017（会议）。证据：A。

已知重叠与边界：预测置信度与真实正确率不一致、温度缩放等校准方法已有系统研究；置信度设阈值不是独立创新。"
H043,https://arxiv.org/abs/2303.06766)**,Next-Best-View Selection for Robot Eye-in-Hand Calibration,,https://arxiv.org/abs/2303.06766)**,historical_record,HISTORY,历史报告原条目迁移；具体F/A/S等与范围见record_text，本次不自动升级核查深度,,archive/reports/tea_region_38_questions_novelty_audit_2026-09-05.md::R25,918,2026-09-05,"**R25｜[Next-Best-View Selection for Robot Eye-in-Hand Calibration](https://arxiv.org/abs/2303.06766)**

公开作者稿，2023；本轮未核定后续出版状态。证据：A。

已知重叠与边界：选择信息增益高的机器人姿态以减少标定视角已有方法。简单加入自动标定不能直接立题。"
H044,10.1016/j.compag.2025.110441,Kinetostatic modeling of clamping force in a tendon-driven soft robotic gripper for tea shoot plucking,10.1016/j.compag.2025.110441,https://www.sciencedirect.com/science/article/abs/pii/S0168169925005472)**,historical_record,HISTORY,历史报告原条目迁移；具体F/A/S等与范围见record_text，本次不自动升级核查深度,,archive/reports/tea_region_38_questions_novelty_audit_2026-09-05.md::R26,924,2026-09-05,"**R26｜[Kinetostatic modeling of clamping force in a tendon-driven soft robotic gripper for tea shoot plucking](https://www.sciencedirect.com/science/article/abs/pii/S0168169925005472)**

Computers and Electronics in Agriculture, 2025。DOI：10.1016/j.compag.2025.110441。证据：S（前轮）。

已知重叠与边界：茶芽双指腱驱动软夹爪、受力建模与田间试验已有工作，且分别报告采摘成功和断点位置结果。"
H045,10.3390/agriculture12091361,Biomechanical Characterization of Bionic Mechanical Harvesting of Tea Buds,10.3390/agriculture12091361,https://www.mdpi.com/2077-0472/12/9/1361)**,historical_record,HISTORY,历史报告原条目迁移；具体F/A/S等与范围见record_text，本次不自动升级核查深度,,archive/reports/tea_region_38_questions_novelty_audit_2026-09-05.md::R27,930,2026-09-05,"**R27｜[Biomechanical Characterization of Bionic Mechanical Harvesting of Tea Buds](https://www.mdpi.com/2077-0472/12/9/1361)**

Agriculture, 2022。DOI：10.3390/agriculture12091361。证据：A（前轮）。

已知重叠与边界：茶茎组织、直径和成熟度与夹持/弯曲/拉断行为的关系已有实验，测拉断力本身不足以构成新贡献。"
H046,10.3390/s25237219,Impedance Control Method for Tea-Picking Robotic Dexterous Hand Based on WOA-KAN,10.3390/s25237219,https://www.mdpi.com/1424-8220/25/23/7219)**,historical_record,HISTORY,历史报告原条目迁移；具体F/A/S等与范围见record_text，本次不自动升级核查深度,,archive/reports/tea_region_38_questions_novelty_audit_2026-09-05.md::R28,936,2026-09-05,"**R28｜[Impedance Control Method for Tea-Picking Robotic Dexterous Hand Based on WOA-KAN](https://www.mdpi.com/1424-8220/25/23/7219)**

Sensors, 2025。DOI：10.3390/s25237219。证据：A（前轮）。

已知重叠与边界：包含自适应阻抗、力跟踪以及触觉灵巧手实验，不能将其误标成只有仿真。"
H047,10.1109/lra.2020.2976314,Plucking Motions for Tea Harvesting Robots Using Probabilistic Movement Primitives,10.1109/LRA.2020.2976314,https://ieeexplore.ieee.org/document/9013082/)**,historical_record,HISTORY,历史报告原条目迁移；具体F/A/S等与范围见record_text，本次不自动升级核查深度,,archive/reports/tea_region_38_questions_novelty_audit_2026-09-05.md::R29,942,2026-09-05,"**R29｜[Plucking Motions for Tea Harvesting Robots Using Probabilistic Movement Primitives](https://ieeexplore.ieee.org/document/9013082/)**

IEEE Robotics and Automation Letters, 2020。DOI：10.1109/LRA.2020.2976314。证据：A（前轮）。

已知重叠与边界：学习旋转与拉取的仿人采茶动作已有直接工作；动作参数随芽叶/枝条条件变化的想法也已出现。"
H048,10.3390/s22155483,Learning-Based Slip Detection for Robotic Fruit Grasping and Manipulation under Leaf Interference,10.3390/s22155483,https://www.mdpi.com/1424-8220/22/15/5483)**,historical_record,HISTORY,历史报告原条目迁移；具体F/A/S等与范围见record_text，本次不自动升级核查深度,,archive/reports/tea_region_38_questions_novelty_audit_2026-09-05.md::R30,948,2026-09-05,"**R30｜[Learning-Based Slip Detection for Robotic Fruit Grasping and Manipulation under Leaf Interference](https://www.mdpi.com/1424-8220/22/15/5483)**

Sensors, 2022。DOI：10.3390/s22155483。证据：A。

已知重叠与边界：水果夹持时叶片干扰与滑移识别已有研究；需核对感知信号和具体控制策略，不能把LSTM滑移识别作为首创。"
H049,https://arxiv.org/html/2601.02085v3)**,Vision-Based Early Fault Diagnosis and Self-Recovery for Strawberry Harvesting Robots,,https://arxiv.org/html/2601.02085v3)**,historical_record,HISTORY,历史报告原条目迁移；具体F/A/S等与范围见record_text，本次不自动升级核查深度,,archive/reports/tea_region_38_questions_novelty_audit_2026-09-05.md::R31,954,2026-09-05,"**R31｜[Vision-Based Early Fault Diagnosis and Self-Recovery for Strawberry Harvesting Robots](https://arxiv.org/html/2601.02085v3)**

公开作者稿，2026；本轮未核定后续出版状态。证据：F。

已知重叠与边界：利用末端微型相机诊断空抓/误抓及滑移，并进行调整、提前终止和重试，视觉故障恢复已有很近的农业案例。"
H050,https://arxiv.org/html/2503.10334v1)**,Enhanced View Planning for Robotic Harvesting: Tackling Occlusions with Imitation Learning,,https://arxiv.org/html/2503.10334v1)**,historical_record,HISTORY,历史报告原条目迁移；具体F/A/S等与范围见record_text，本次不自动升级核查深度,,archive/reports/tea_region_38_questions_novelty_audit_2026-09-05.md::R32,960,2026-09-05,"**R32｜[Enhanced View Planning for Robotic Harvesting: Tackling Occlusions with Imitation Learning](https://arxiv.org/html/2503.10334v1)**

公开作者稿，2025；本轮未核定后续出版状态。证据：F。

已知重叠与边界：通过示范学习选择观察视角以处理作物遮挡；换成模仿学习不自动降低重复风险。"
H051,10.1016/j.biosystemseng.2015.12.001,Design of an eye-in-hand sensing and servo control framework for harvesting robotics in dense vegetation,10.1016/j.biosystemseng.2015.12.001,https://research.wur.nl/en/publications/design-of-an-eye-in-hand-sensing-and-servo-control-framework-for-/)**,historical_record,HISTORY,历史报告原条目迁移；具体F/A/S等与范围见record_text，本次不自动升级核查深度,,archive/reports/tea_region_38_questions_novelty_audit_2026-09-05.md::R33,966,2026-09-05,"**R33｜[Design of an eye-in-hand sensing and servo control framework for harvesting robotics in dense vegetation](https://research.wur.nl/en/publications/design-of-an-eye-in-hand-sensing-and-servo-control-framework-for-/)**

Biosystems Engineering, 2016。DOI：10.1016/j.biosystemseng.2015.12.001。证据：A（前轮）。

已知重叠与边界：末端视觉、反馈动作和多视角观察的整体框架已存在；该文的人工植被实验与真实茶园验证边界不同。"
H052,https://patents.google.com/patent/CN116138036B/zh)**,一种用于名优茶嫩芽采摘的二次定位方法,,https://patents.google.com/patent/CN116138036B/zh)**,historical_record,HISTORY,历史报告原条目迁移；具体F/A/S等与范围见record_text，本次不自动升级核查深度,,archive/reports/tea_region_38_questions_novelty_audit_2026-09-05.md::R34,972,2026-09-05,"**R34｜[一种用于名优茶嫩芽采摘的二次定位方法](https://patents.google.com/patent/CN116138036B/zh)**

专利族：CN116138036A（2023公开）/B（2024授权公告）。证据：F（前轮）。

已知重叠与边界：固定相机初定位与末端相机二次定位已有技术公开，亦涉及误差检查。专利用于科研技术重复筛查，不替代同行评议性能证据。"
H053,10.1007/s11227-026-08829-3,An environment-adaptive multi-modal perception edge-AI for real-time robotic fruit harvesting,10.1007/s11227-026-08829-3,https://link.springer.com/article/10.1007/s11227-026-08829-3)**,historical_record,HISTORY,历史报告原条目迁移；具体F/A/S等与范围见record_text，本次不自动升级核查深度,,archive/reports/tea_region_38_questions_novelty_audit_2026-09-05.md::R35,978,2026-09-05,"**R35｜[An environment-adaptive multi-modal perception edge-AI for real-time robotic fruit harvesting](https://link.springer.com/article/10.1007/s11227-026-08829-3)**

The Journal of Supercomputing, 2026；2026-09-03发表。DOI：10.1007/s11227-026-08829-3。证据：A。

已知重叠与边界：摘要明确按搜索/抓取等任务紧迫性调整时间预算，采用分级回退和时间仲裁保持输出新鲜度，并报告Jetson Orin Nano部署。本轮未取得全文；阶段感知的算力/时延调度已有极近工作。"
H054,10.1016/j.robot.2020.103591,Planning the sequence of tasks for harvesting robots,10.1016/j.robot.2020.103591,https://cris.bgu.ac.il/en/publications/planning-the-sequence-of-tasks-for-harvesting-robots-2/)**,historical_record,HISTORY,历史报告原条目迁移；具体F/A/S等与范围见record_text，本次不自动升级核查深度,,archive/reports/tea_region_38_questions_novelty_audit_2026-09-05.md::R36,984,2026-09-05,"**R36｜[Planning the sequence of tasks for harvesting robots](https://cris.bgu.ac.il/en/publications/planning-the-sequence-of-tasks-for-harvesting-robots-2/)**

Robotics and Autonomous Systems, 2020。DOI：10.1016/j.robot.2020.103591。证据：A。

已知重叠与边界：将在线感知操作纳入采摘任务顺序规划，并在甜椒实验室与温室条件验证；边观察边安排采摘并非空白。"
H055,10.3389/fpls.2024.1460060/full,Barrier-free tomato fruit selection and location based on optimized semantic segmentation and obstacle perception algorithm,10.3389/fpls.2024.1460060/full,https://www.frontiersin.org/journals/plant-science/articles/10.3389/fpls.2024.1460060/full)**,historical_record,HISTORY,历史报告原条目迁移；具体F/A/S等与范围见record_text，本次不自动升级核查深度,,archive/reports/tea_region_38_questions_novelty_audit_2026-09-05.md::R37,990,2026-09-05,"**R37｜[Barrier-free tomato fruit selection and location based on optimized semantic segmentation and obstacle perception algorithm](https://www.frontiersin.org/journals/plant-science/articles/10.3389/fpls.2024.1460060/full)**

Frontiers in Plant Science, 2024。DOI：10.3389/fpls.2024.1460060。证据：A。

已知重叠与边界：通过障碍感知选择和定位适合采摘的番茄，不能把先采容易/无障碍目标视为全新策略。"
H056,10.3390/s26123944,"Optimising Fruit Harvesting Paths: A Mapless, Occlusion-Aware Picking Framework",10.3390/s26123944,https://www.mdpi.com/1424-8220/26/12/3944)**,historical_record,HISTORY,历史报告原条目迁移；具体F/A/S等与范围见record_text，本次不自动升级核查深度,,archive/reports/tea_region_38_questions_novelty_audit_2026-09-05.md::R38,996,2026-09-05,"**R38｜[Optimising Fruit Harvesting Paths: A Mapless, Occlusion-Aware Picking Framework](https://www.mdpi.com/1424-8220/26/12/3944)**

Sensors, 2026。DOI：10.3390/s26123944。证据：S。

已知重叠与边界：无预建地图的遮挡感知与下一观察方向预测已有研究；本轮核到摘要及公开作者稿线索，摘要证据为仿真，未据此声称真实茶园区域采净验证。"
H057,10.1109/icra40945.2020.9197272,Real-time Stereo Visual Servoing for Rose Pruning with Robotic Arm,10.1109/ICRA40945.2020.9197272,https://www.pure.ed.ac.uk/ws/files/137078009/Real_time_Stereo_Visual_CUEVAS_VELASQUEZ_DOA22012020_AFV.pdf,historical_record,HISTORY,历史报告原条目迁移；具体F/A/S等与范围见record_text，本次不自动升级核查深度,,archive/reports/tea_target_memory_novelty_audit_2026-09-05.md::R01,145,2026-09-05,"**R01 — Real-time Stereo Visual Servoing for Rose Pruning with Robotic Arm**

ICRA 2020（会议）。DOI：10.1109/ICRA40945.2020.9197272。证据：F：作者机构全文，核查扫描、坐标融合与伺服方法。

核实内容：末端 752×480 双目；预设小范围扫描，点云转换至机器人基座坐标并融合，接近目标时实时更新。 重复含义：“低分辨率末端双目—初扫建图—接近并更新”与本方案流程非常接近。 边界：这是局部扫描；不能描述为完整茶园地图，也没有验证茶芽叶数分级。 [原始来源](https://www.pure.ed.ac.uk/ws/files/137078009/Real_time_Stereo_Visual_CUEVAS_VELASQUEZ_DOA22012020_AFV.pdf)"
H058,10.1016/j.compag.2020.105946,Computer vision-based high-quality tea automatic plucking robot using Delta parallel manipulator,10.1016/j.compag.2020.105946,https://www.sciencedirect.com/science/article/abs/pii/S0168169920331513,historical_record,HISTORY,历史报告原条目迁移；具体F/A/S等与范围见record_text，本次不自动升级核查深度,,archive/reports/tea_target_memory_novelty_audit_2026-09-05.md::R02,152,2026-09-05,"**R02 — Computer vision-based high-quality tea automatic plucking robot using Delta parallel manipulator**

Computers and Electronics in Agriculture，2021。DOI：10.1016/j.compag.2020.105946。证据：S：出版方索引摘要，全文受限。

核实内容：全局和局部相机分别用于茶梢识别与采摘点定位。 重复含义：茶叶全局识别、局部精定位的层次结构已有先例。 边界：不据此推断其实现单相机持久地图或不确定性管理。 [原始来源](https://www.sciencedirect.com/science/article/abs/pii/S0168169920331513)"
H059,10.3389/fpls.2026.1739203,TeaNeRF: an integrated 3D visual perception pipeline for tea bud harvesting,10.3389/fpls.2026.1739203,https://www.frontiersin.org/journals/plant-science/articles/10.3389/fpls.2026.1739203/full,historical_record,HISTORY,历史报告原条目迁移；具体F/A/S等与范围见record_text，本次不自动升级核查深度,,archive/reports/tea_target_memory_novelty_audit_2026-09-05.md::R03,159,2026-09-05,"**R03 — TeaNeRF: an integrated 3D visual perception pipeline for tea bud harvesting**

Frontiers in Plant Science，2026。DOI：10.3389/fpls.2026.1739203。证据：F：出版方全文，核查摘要与方法范围。

核实内容：识别、分割、深度先验与三维重建相结合，输出茶芽位置、计数及候选采摘点。 重复含义：“茶芽多视角三维地图及候选点”本身不能作为空白。 边界：论文明确定位于感知输出，不能当成完整动态采摘闭环证据；并非本硬件上的实时能力证明。 [原始来源](https://www.frontiersin.org/journals/plant-science/articles/10.3389/fpls.2026.1739203/full)"
H060,10.1109/iros55552.2023.10342067,Panoptic Mapping with Fruit Completion and Pose Estimation for Horticultural Robots,10.1109/IROS55552.2023.10342067,https://arxiv.org/html/2303.08923v2,historical_record,HISTORY,历史报告原条目迁移；具体F/A/S等与范围见record_text，本次不自动升级核查深度,,archive/reports/tea_target_memory_novelty_audit_2026-09-05.md::R04,166,2026-09-05,"**R04 — Panoptic Mapping with Fruit Completion and Pose Estimation for Horticultural Robots**

IROS 2023（会议）。DOI：10.1109/IROS55552.2023.10342067。证据：F：作者全文；会议身份由官方代码仓库确认。

核实内容：为不同实例建立子图；果实与背景采用不同分辨率，跨帧关联实例；连续未观测的果实子图被冻结并用于形状补全。 重复含义：多精度地图、保留不可见对象和实例身份都有明显近邻。 边界：前景/背景分辨率不等于远处目标的定位不确定性；形状补全不等于实际看见遮住的第二片茶叶。 [原始来源](https://arxiv.org/html/2303.08923v2)"
H061,10.1016/j.compag.2024.109199,Multiple orange detection and tracking with 3-D fruit relocalization and neural-net based yield regression in commercial sweet orange orchards,10.1016/j.compag.2024.109199,https://www.sciencedirect.com/science/article/abs/pii/S0168169924005908,historical_record,HISTORY,历史报告原条目迁移；具体F/A/S等与范围见record_text，本次不自动升级核查深度,,archive/reports/tea_target_memory_novelty_audit_2026-09-05.md::R05,173,2026-09-05,"**R05 — Multiple orange detection and tracking with 3-D fruit relocalization and neural-net based yield regression in commercial sweet orange orchards**

Computers and Electronics in Agriculture，2024。DOI：10.1016/j.compag.2024.109199。证据：S：出版方索引摘要，全文受限。

核实内容：以三维位置估计处理被遮挡后重新出现果实的重定位。 重复含义：“遮挡后凭三维位置找回同一目标”不是新概念。 边界：面向跟踪和产量估计；未据摘要确认其包含机械接管及采摘扰动控制。 [原始来源](https://www.sciencedirect.com/science/article/abs/pii/S0168169924005908)"
H062,https://www.ipb.uni-bonn.de/wp-content/papercite-data/pdf/lobefaro2025ral.pdf,Spatio-Temporal Consistent Semantic Mapping for Robotics Fruit Growth Monitoring,,https://www.ipb.uni-bonn.de/wp-content/papercite-data/pdf/lobefaro2025ral.pdf,historical_record,HISTORY,历史报告原条目迁移；具体F/A/S等与范围见record_text，本次不自动升级核查深度,,archive/reports/tea_target_memory_novelty_audit_2026-09-05.md::R06,180,2026-09-05,"**R06 — Spatio-Temporal Consistent Semantic Mapping for Robotics Fruit Growth Monitoring**

IEEE Robotics and Automation Letters，2025。证据：F：作者机构接受稿，核查摘要和流程段落。

核实内容：使用消费级 RGB-D 构建具有实例身份的三维地图，并将后续生长阶段观测与既有地图关联。 重复含义：保存地图和身份、后续观测关联更新，均已有直接研究。 边界：长期生长监测与一次采摘内的瞬时枝条运动不同；不意味着能精确得知未观测目标当前的位置。 [原始来源](https://www.ipb.uni-bonn.de/wp-content/papercite-data/pdf/lobefaro2025ral.pdf)"
H063,10.1109/lra.2025.3600147,To Harvest or Not to Harvest: Mapping and Decision-Making for a Selective Table Grape Harvesting Robot,10.1109/LRA.2025.3600147,https://research.tue.nl/en/publications/to-harvest-or-not-to-harvest-mapping-and-decision-making-for-a-se/,historical_record,HISTORY,历史报告原条目迁移；具体F/A/S等与范围见record_text，本次不自动升级核查深度,,archive/reports/tea_target_memory_novelty_audit_2026-09-05.md::R07,187,2026-09-05,"**R07 — To Harvest or Not to Harvest: Mapping and Decision-Making for a Selective Table Grape Harvesting Robot**

IEEE Robotics and Automation Letters，2025。DOI：10.1109/LRA.2025.3600147。证据：A：作者机构正式摘要；链接全文受限。

核实内容：多视角建图和跟踪改善葡萄位置与品质信息，再利用可达性图优化采摘品质和执行时间，考虑遮挡性的低品质果串。 重复含义：多视角品质地图、候选管理及遮挡相关采摘顺序的组合也已有强近邻。 边界：仅据摘要判断架构重叠，不推断其地图刷新规则、控制细节或试验结果。 [原始来源](https://research.tue.nl/en/publications/to-harvest-or-not-to-harvest-mapping-and-decision-making-for-a-se/)"
H064,10.3389/fpls.2026.1786144,Tea bud pose estimation and grading detection network based on improved YOLOv7,10.3389/fpls.2026.1786144,https://www.frontiersin.org/journals/plant-science/articles/10.3389/fpls.2026.1786144/full,historical_record,HISTORY,历史报告原条目迁移；具体F/A/S等与范围见record_text，本次不自动升级核查深度,,archive/reports/tea_target_memory_novelty_audit_2026-09-05.md::R08,194,2026-09-05,"**R08 — Tea bud pose estimation and grading detection network based on improved YOLOv7**

Frontiers in Plant Science，2026。DOI：10.3389/fpls.2026.1786144。证据：F：出版方全文，核查 2.2 节标注规则。

核实内容：一芽一叶和一芽二叶分级结合姿态关键点；标注时遮挡超过 60% 的茶叶未标注。 重复含义：茶芽分级加关键点已有先例，但不能用这些结果替代多视角完整性验证。 边界：该标注边界不能用来证明严重遮挡下真实叶数已被可靠识别。 [原始来源](https://www.frontiersin.org/journals/plant-science/articles/10.3389/fpls.2026.1786144/full)"
H065,10.1371/journal.pone.0247243,Registration of spatio-temporal point clouds of plants for phenotyping,10.1371/journal.pone.0247243,https://pmc.ncbi.nlm.nih.gov/articles/PMC7906482/,historical_record,HISTORY,历史报告原条目迁移；具体F/A/S等与范围见record_text，本次不自动升级核查深度,,archive/reports/tea_target_memory_novelty_audit_2026-09-05.md::R09,201,2026-09-05,"**R09 — Registration of spatio-temporal point clouds of plants for phenotyping**

PLOS ONE，2021。DOI：10.1371/journal.pone.0247243。证据：F：原始论文全文存档，核查摘要和方法概述。

核实内容：用植株骨架及语义关联不同时刻点云，估计形变和生长。 重复含义：“引入枝条拓扑并更新形变”不宜笼统声称首次。 边界：事后观测配准不等于在不可见期间预测瞬时运动，也不直接等于采摘后地图失效管理。 [原始来源](https://pmc.ncbi.nlm.nih.gov/articles/PMC7906482/)"
H066,10.48550/arxiv.2602.04722,How to rewrite the stars: Mapping your orchard over time through constellations of fruits,10.48550/arXiv.2602.04722,https://arxiv.org/html/2602.04722v1,historical_record,HISTORY,历史报告原条目迁移；具体F/A/S等与范围见record_text，本次不自动升级核查深度,,archive/reports/tea_target_memory_novelty_audit_2026-09-05.md::R10,208,2026-09-05,"**R10 — How to rewrite the stars: Mapping your orchard over time through constellations of fruits**

作者预印本，2026；本次未核实正式期刊发表。DOI：10.48550/arXiv.2602.04722。证据：F：作者预印本全文，核查三维匹配方法。

核实内容：以稀疏果实中心点组合建立描述子和身份地图，跨视频重识别，并用于相机/机器人定位；通过组合冗余处理部分点缺失。 重复含义：只存稀疏目标坐标及邻域几何以便回来找目标，也已有方法研究。 边界：不是茶芽采摘验证；不能直接移植其噪声尺度或泛化结论。 [原始来源](https://arxiv.org/html/2602.04722v1)"
H067,10.1109/tro.2004.829456,Keeping Features in the Field of View in Eye-In-Hand Visual Servoing: A Switching Approach,10.1109/TRO.2004.829456,https://ieeexplore.ieee.org/document/1339391/,historical_record,HISTORY,历史报告原条目迁移；具体F/A/S等与范围见record_text，本次不自动升级核查深度,,archive/reports/tea_target_memory_novelty_audit_2026-09-05.md::R11,215,2026-09-05,"**R11 — Keeping Features in the Field of View in Eye-In-Hand Visual Servoing: A Switching Approach**

IEEE Transactions on Robotics，2004。DOI：10.1109/TRO.2004.829456。证据：S：出版方索引摘要；作者机构书目核实。

核实内容：通过切换控制策略保持特征处于相机视野。 重复含义：视野约束与视觉控制切换本身是成熟主题。 边界：与未观测茶芽地图的可靠重新获取不同；不能因有视野约束就认定本研究全部已被覆盖。 [原始来源](https://ieeexplore.ieee.org/document/1339391/)

R04 的会议身份另由[作者官方代码仓库](https://github.com/PRBonn/HortiMapping)核实。R11 的作者书目见[香港大学作者主页](https://web.ece.hku.hk/~chesi/z_v.htm)。本报告没有依据非原始论文综述中的二手实验数值作结论。"
H068,10.3390/agronomy15030582,"Tang et al. *A Lightweight Tea Bud-Grading Detection Model for Embedded Applications*. Agronomy, 2025, 15(3), 582. DOI: 10.3390/agronomy15030582。出版商",10.3390/agronomy15030582,https://www.mdpi.com/2073-4395/15/3/582,historical_record,HISTORY,历史报告原条目迁移；具体F/A/S等与范围见record_text，本次不自动升级核查深度,,archive/reports/tea_vision_novelty_audit_2026-09-05.md::J01,39,2026-09-05,"| J01 | Tang et al. *A Lightweight Tea Bud-Grading Detection Model for Embedded Applications*. Agronomy, 2025, 15(3), 582. DOI: 10.3390/agronomy15030582。[出版商](https://www.mdpi.com/2073-4395/15/3/582) | S，发表信息已核验 | “茶芽分级＋轻量化＋嵌入式应用”已有明确同题研究。本次未取得足够正文支持具体开发板部署配置，不能把标题当作完整硬件验证。 |"
H069,10.3389/fpls.2026.1786144,"Yao et al. *Tea bud pose estimation and grading detection network based on improved YOLOv7*. Frontiers in Plant Science, 2026. DOI: 10.3389/fpls.2026.1786144。全文",10.3389/fpls.2026.1786144,https://www.frontiersin.org/journals/plant-science/articles/10.3389/fpls.2026.1786144/full,historical_record,HISTORY,历史报告原条目迁移；具体F/A/S等与范围见record_text，本次不自动升级核查深度,,archive/reports/tea_vision_novelty_audit_2026-09-05.md::J02,40,2026-09-05,"| J02 | Yao et al. *Tea bud pose estimation and grading detection network based on improved YOLOv7*. Frontiers in Plant Science, 2026. DOI: 10.3389/fpls.2026.1786144。[全文](https://www.frontiersin.org/journals/plant-science/articles/10.3389/fpls.2026.1786144/full) | F | YOLO-PC 同时估计姿态与分级，针对一芽一叶、一芽两叶标注芽顶、叶尖、叶基及采摘点。正文说明重度遮挡样本有标注排除规则。因此“加入结构关键点”不能独立宣称新颖；对不可充分观察的芽叶如何主动补证仍须另行比较。 |"
H070,10.3389/fpls.2026.1814763,"Hong et al. *An end-to-end detection and classification model for tea leaf grading in complex orchard environments*. Frontiers in Plant Science, 2026. DOI: 10.3389/fpls.2026.1814763。全文",10.3389/fpls.2026.1814763,https://www.frontiersin.org/journals/plant-science/articles/10.3389/fpls.2026.1814763/full,historical_record,HISTORY,历史报告原条目迁移；具体F/A/S等与范围见record_text，本次不自动升级核查深度,,archive/reports/tea_vision_novelty_audit_2026-09-05.md::J03,41,2026-09-05,"| J03 | Hong et al. *An end-to-end detection and classification model for tea leaf grading in complex orchard environments*. Frontiers in Plant Science, 2026. DOI: 10.3389/fpls.2026.1814763。[全文](https://www.frontiersin.org/journals/plant-science/articles/10.3389/fpls.2026.1814763/full) | F | Tea-DETR 检测自然茶园中的单叶等级，数据采集包含俯视、斜视与正视。其 T1—T4 是单叶发育与嫩度视觉类别，不是本项目的一芽几叶类别；多视角采集训练数据不等于在线选择下一视点。 |"
H071,10.1002/rob.22559,"He et al. *Localization of Tea Shoots for Robotic Plucking Using Binocular Stereo Vision*. Journal of Field Robotics, 2025. DOI: 10.1002/rob.22559。原始摘要",10.1002/rob.22559,https://onlinelibrary.wiley.com/doi/full/10.1002/rob.22559,historical_record,HISTORY,历史报告原条目迁移；具体F/A/S等与范围见record_text，本次不自动升级核查深度,,archive/reports/tea_vision_novelty_audit_2026-09-05.md::J04,42,2026-09-05,"| J04 | He et al. *Localization of Tea Shoots for Robotic Plucking Using Binocular Stereo Vision*. Journal of Field Robotics, 2025. DOI: 10.1002/rob.22559。[原始摘要](https://onlinelibrary.wiley.com/doi/full/10.1002/rob.22559) | A | 已结合双眼实例分割、实例配对、选择性立体匹配、三角测量与采摘点模板。单纯“双目＋分割＋三维定位”重合明显；其定位实验不能直接代表用户的 720p 相机精度。 |"
H072,10.1016/j.aiia.2026.04.010,"Zhang et al. *Design and implementation of a compact fresh tea-leaf sorting system for integrated harvesting–sorting equipment in hilly mountainous tea garden*. Artificial Intelligence in Agriculture, 2026. DOI: 10.1016/j.aiia.2026.04.010。出版商",10.1016/j.aiia.2026.04.010,https://www.sciencedirect.com/science/article/pii/S2589721726000425,historical_record,HISTORY,历史报告原条目迁移；具体F/A/S等与范围见record_text，本次不自动升级核查深度,,archive/reports/tea_vision_novelty_audit_2026-09-05.md::J05,43,2026-09-05,"| J05 | Zhang et al. *Design and implementation of a compact fresh tea-leaf sorting system for integrated harvesting–sorting equipment in hilly mountainous tea garden*. Artificial Intelligence in Agriculture, 2026. DOI: 10.1016/j.aiia.2026.04.010。[出版商](https://www.sciencedirect.com/science/article/pii/S2589721726000425) | S | 出版商检索片段明确提出通过区域跟踪和增长改善跨图像边界叶片识别的动态 ROI。属于采后鲜叶分选，不能据此判定在树主动分级已被完整覆盖；但“茶叶动态 ROI”不是空白。正文获取受限，网络结构与量化性能不在本报告中转述。 |"
H073,10.4081/jae.2025.1637,Wang et al. *Automated tea shoot picking using the YOLO network and Mamba images segmentation for top-view detection with a monocular camera*. Journal of Agricultural Engineering，2025 年在线，2026 年卷期。DOI: 10.4081/jae.2025.1637。原始摘要,10.4081/jae.2025.1637,https://www.agroengineering.org/jae/article/view/1637,historical_record,HISTORY,历史报告原条目迁移；具体F/A/S等与范围见record_text，本次不自动升级核查深度,,archive/reports/tea_vision_novelty_audit_2026-09-05.md::J06,44,2026-09-05,| J06 | Wang et al. *Automated tea shoot picking using the YOLO network and Mamba images segmentation for top-view detection with a monocular camera*. Journal of Agricultural Engineering，2025 年在线，2026 年卷期。DOI: 10.4081/jae.2025.1637。[原始摘要](https://www.agroengineering.org/jae/article/view/1637) | A | 明确采用 YOLO 找茶梢、裁剪单梢、Mamba 分割、定位并驱动末端；上下运动使用红外传感反馈。其试验为模拟茶园环境。不能再把“检测—裁剪—精分割—机械动作”整体当作新框架。 |
H074,10.3390/agriculture11020128,"Zhu et al. *Deviation Tolerance Performance Evaluation and Experiment of Picking End Effector for Famous Tea*. Agriculture, 2021, 11(2), 128. DOI: 10.3390/agriculture11020128。出版商",10.3390/agriculture11020128,https://www.mdpi.com/2077-0472/11/2/128,historical_record,HISTORY,历史报告原条目迁移；具体F/A/S等与范围见record_text，本次不自动升级核查深度,,archive/reports/tea_vision_novelty_audit_2026-09-05.md::J07,45,2026-09-05,"| J07 | Zhu et al. *Deviation Tolerance Performance Evaluation and Experiment of Picking End Effector for Famous Tea*. Agriculture, 2021, 11(2), 128. DOI: 10.3390/agriculture11020128。[出版商](https://www.mdpi.com/2077-0472/11/2/128) | S | 直接研究负压引导采摘末端和偏差容忍评价。机械创新需要落实为具体结构差异和实体对比；这篇不是后文列出的撤稿论文。 |"
H075,10.1177/0278364911436082,"Dahmouche et al. *Dynamic visual servoing from sequential regions of interest acquisition*. The International Journal of Robotics Research, 2012, 31(4), 520–537. DOI: 10.1177/0278364911436082。原始摘要",10.1177/0278364911436082,https://journals.sagepub.com/doi/10.1177/0278364911436082,historical_record,HISTORY,历史报告原条目迁移；具体F/A/S等与范围见record_text，本次不自动升级核查深度,,archive/reports/tea_vision_novelty_audit_2026-09-05.md::J08,51,2026-09-05,"| J08 | Dahmouche et al. *Dynamic visual servoing from sequential regions of interest acquisition*. The International Journal of Robotics Research, 2012, 31(4), 520–537. DOI: 10.1177/0278364911436082。[原始摘要](https://journals.sagepub.com/doi/10.1177/0278364911436082) | A | 用包含视觉特征的 ROI 顺序采集支持动态视觉伺服，处理采样频率和处理时延问题，包含高速并联机器人实验。其采集层机制与普通整帧拍摄后软件裁剪不同，但“ROI＋视觉闭环＋减时延”已有明确前例。 |"
H076,10.1109/access.2021.3086499,"Chen et al. *Closed-Loop Region of Interest Enabling High Spatial and Temporal Resolutions in Object Detection and Tracking via Wireless Camera*. IEEE Access, 2021, 9, 87340–87350. DOI: 10.1109/ACCESS.2021.3086499。IEEE；作者机构存档",10.1109/ACCESS.2021.3086499,https://ieeexplore.ieee.org/document/9454528)；[作者机构存档](https://dspace.mit.edu/handle/1721.1/139785,historical_record,HISTORY,历史报告原条目迁移；具体F/A/S等与范围见record_text，本次不自动升级核查深度,,archive/reports/tea_vision_novelty_audit_2026-09-05.md::J09,52,2026-09-05,"| J09 | Chen et al. *Closed-Loop Region of Interest Enabling High Spatial and Temporal Resolutions in Object Detection and Tracking via Wireless Camera*. IEEE Access, 2021, 9, 87340–87350. DOI: 10.1109/ACCESS.2021.3086499。[IEEE](https://ieeexplore.ieee.org/document/9454528)；[作者机构存档](https://dspace.mit.edu/handle/1721.1/139785) | S | 题名与原始索引明确覆盖闭环 ROI、实时跟踪反馈和无线相机采集；还考虑宽视场扫描。用户的有线/本地推理条件可能不同，但不能主张首次闭环 ROI。机构全文本次访问受限。 |"
H077,10.1109/tro.2014.2320795,"Atanasov et al. *Nonmyopic View Planning for Active Object Classification and Pose Estimation*. IEEE Transactions on Robotics, 2014, 30(5), 1078–1090. DOI: 10.1109/TRO.2014.2320795。作者全文",10.1109/TRO.2014.2320795,https://existentialrobotics.org/ref/Atanasov_ActiveObjectRecognition_TRO14.pdf,historical_record,HISTORY,历史报告原条目迁移；具体F/A/S等与范围见record_text，本次不自动升级核查深度,,archive/reports/tea_vision_novelty_audit_2026-09-05.md::J10,53,2026-09-05,"| J10 | Atanasov et al. *Nonmyopic View Planning for Active Object Classification and Pose Estimation*. IEEE Transactions on Robotics, 2014, 30(5), 1078–1090. DOI: 10.1109/TRO.2014.2320795。[作者全文](https://existentialrobotics.org/ref/Atanasov_ActiveObjectRecognition_TRO14.pdf) | F | 联合选择视点序列、停止时间及分类/姿态假设，权衡移动代价和误判代价。正文 VI 节及式 (2) 明确包含继续观察与停止决策。其对象和观察模型不同，但“有限视点＋反馈选视点＋停止”已被直接覆盖。 |"
H078,10.1109/tpami.2018.2840991,"Jayaraman and Grauman. *End-to-End Policy Learning for Active Visual Categorization*. IEEE Transactions on Pattern Analysis and Machine Intelligence, 2019，在线版本 2018。DOI: 10.1109/TPAMI.2018.2840991。出版商；作者全文",10.1109/TPAMI.2018.2840991,https://www.computer.org/10.1109/TPAMI.2018.2840991)；[作者全文](https://www.engineering.upenn.edu/~dineshj/publication/jayaraman-2018-end/jayaraman-2018-end.pdf,historical_record,HISTORY,历史报告原条目迁移；具体F/A/S等与范围见record_text，本次不自动升级核查深度,,archive/reports/tea_vision_novelty_audit_2026-09-05.md::J11,54,2026-09-05,"| J11 | Jayaraman and Grauman. *End-to-End Policy Learning for Active Visual Categorization*. IEEE Transactions on Pattern Analysis and Machine Intelligence, 2019，在线版本 2018。DOI: 10.1109/TPAMI.2018.2840991。[出版商](https://www.computer.org/10.1109/TPAMI.2018.2840991)；[作者全文](https://www.engineering.upenn.edu/~dineshj/publication/jayaraman-2018-end/jayaraman-2018-end.pdf) | A | 主动视觉分类已研究感知、跨视图证据整合和观测行动的联合学习。换成强化学习或端到端策略不自动产生新的选题空间。 |"
H079,10.3390/s26010291,"Zhang et al. *Occlusion Avoidance for Harvesting Robots: A Lightweight Active Perception Model*. Sensors, 2026, 26(1), 291. DOI: 10.3390/s26010291。出版商；PMC 全文",10.3390/s26010291,https://www.mdpi.com/1424-8220/26/1/291)；[PMC,historical_record,HISTORY,历史报告原条目迁移；具体F/A/S等与范围见record_text，本次不自动升级核查深度,,archive/reports/tea_vision_novelty_audit_2026-09-05.md::J12,55,2026-09-05,"| J12 | Zhang et al. *Occlusion Avoidance for Harvesting Robots: A Lightweight Active Perception Model*. Sensors, 2026, 26(1), 291. DOI: 10.3390/s26010291。[出版商](https://www.mdpi.com/1424-8220/26/1/291)；[PMC 全文](https://pmc.ncbi.nlm.nih.gov/articles/PMC12788279/) | A | 已有轻量感知与采摘遮挡规避的农业主动视觉工作，研究对象为果实。不能把“农业遮挡时移动相机”当作新颖点；茶芽同梢结构和等级判据需要单独提出。 |"
H080,10.1007/s10846-025-02292-7,"Zhang, Yao and Qian. *Event-Triggered Nonlinear Visual Predictive Control Strategy for Robots*. Journal of Intelligent & Robotic Systems, 2025, 111, 80. DOI: 10.1007/s10846-025-02292-7。原始摘要及 PDF 入口",10.1007/s10846-025-02292-7,https://link.springer.com/article/10.1007/s10846-025-02292-7,historical_record,HISTORY,历史报告原条目迁移；具体F/A/S等与范围见record_text，本次不自动升级核查深度,,archive/reports/tea_vision_novelty_audit_2026-09-05.md::J13,56,2026-09-05,"| J13 | Zhang, Yao and Qian. *Event-Triggered Nonlinear Visual Predictive Control Strategy for Robots*. Journal of Intelligent & Robotic Systems, 2025, 111, 80. DOI: 10.1007/s10846-025-02292-7。[原始摘要及 PDF 入口](https://link.springer.com/article/10.1007/s10846-025-02292-7) | A | 已有事件触发非线性视觉预测控制，涉及视场、关节和运动约束及计算负担。该论文触发控制律/优化，不能直接等同于触发检测网络；新方案必须说明节省的是哪部分计算及其闭环后果。 |"
H081,10.1016/j.jii.2025.100933,"Tang et al. *A real-time perception–motion codesign method for image-based visual servoing in embodied intelligence systems*. Journal of Industrial Information Integration, 2025, 48, 100933. DOI: 10.1016/j.jii.2025.100933。出版商",10.1016/j.jii.2025.100933,https://www.sciencedirect.com/science/article/pii/S2452414X25001566,historical_record,HISTORY,历史报告原条目迁移；具体F/A/S等与范围见record_text，本次不自动升级核查深度,,archive/reports/tea_vision_novelty_audit_2026-09-05.md::J14,57,2026-09-05,"| J14 | Tang et al. *A real-time perception–motion codesign method for image-based visual servoing in embodied intelligence systems*. Journal of Industrial Information Integration, 2025, 48, 100933. DOI: 10.1016/j.jii.2025.100933。[出版商](https://www.sciencedirect.com/science/article/pii/S2452414X25001566) | M | 题名直接涉及感知—运动协同设计，是控制方向定题前必须取得全文的近邻。此次访问受限，不据题名推断其具体 ROI、时延或触发机制，也不单凭它判定方案完全重复。 |"
H082,10.3390/agronomy15102355,"*Lightweight Multi-View Fusion Network for Non-Destructive Chlorophyll and Nitrogen Content Estimation in Tea Leaves Using Front and Back RGB Images*. Agronomy, 2025. DOI: 10.3390/agronomy15102355。出版商",10.3390/agronomy15102355,https://www.mdpi.com/2073-4395/15/10/2355,historical_record,HISTORY,历史报告原条目迁移；具体F/A/S等与范围见record_text，本次不自动升级核查深度,,archive/reports/tea_vision_novelty_audit_2026-09-05.md::J15,63,2026-09-05,"| J15 | *Lightweight Multi-View Fusion Network for Non-Destructive Chlorophyll and Nitrogen Content Estimation in Tea Leaves Using Front and Back RGB Images*. Agronomy, 2025. DOI: 10.3390/agronomy15102355。[出版商](https://www.mdpi.com/2073-4395/15/10/2355) | S | 正反面 RGB 融合估计叶绿素/氮含量；不是在树芽叶形态分级的在线视点策略。只说明“茶叶多视图融合”已有邻近研究。 |"
H083,10.1016/j.compag.2026.111618,"*Multi-view multi-task deep neural network for effective tea classification and quantitative flavor factor evaluation*. Computers and Electronics in Agriculture, 2026. DOI: 10.1016/j.compag.2026.111618。出版商",10.1016/j.compag.2026.111618,https://www.sciencedirect.com/science/article/abs/pii/S0168169926002139,historical_record,HISTORY,历史报告原条目迁移；具体F/A/S等与范围见record_text，本次不自动升级核查深度,,archive/reports/tea_vision_novelty_audit_2026-09-05.md::J16,64,2026-09-05,"| J16 | *Multi-view multi-task deep neural network for effective tea classification and quantitative flavor factor evaluation*. Computers and Electronics in Agriculture, 2026. DOI: 10.1016/j.compag.2026.111618。[出版商](https://www.sciencedirect.com/science/article/abs/pii/S0168169926002139) | S | 茶分类与风味因子评价，任务和输入视图语义不同；不能据关键词 multi-view、tea、classification 宣称完整覆盖本项目。 |"
H084,10.3390/agriculture16060704,"*Rapid Extraction of Tea Bud Phenotypic Parameters ‘In Situ’ Combining Key Point Recognition and Depth Image Fusion*. Agriculture, 2026, 16(6), 704. DOI: 10.3390/agriculture16060704。出版商",10.3390/agriculture16060704,https://www.mdpi.com/2077-0472/16/6/704,historical_record,HISTORY,历史报告原条目迁移；具体F/A/S等与范围见record_text，本次不自动升级核查深度,,archive/reports/tea_vision_novelty_audit_2026-09-05.md::J17,65,2026-09-05,"| J17 | *Rapid Extraction of Tea Bud Phenotypic Parameters ‘In Situ’ Combining Key Point Recognition and Depth Image Fusion*. Agriculture, 2026, 16(6), 704. DOI: 10.3390/agriculture16060704。[出版商](https://www.mdpi.com/2077-0472/16/6/704) | S | 原位茶芽关键点与深度融合已有表型测量应用。对“加深度、量尺寸”的新颖性构成近邻，但不能推断已实现主动分级闭环。 |"
H085,https://openaccess.thecvf.com/content_ICCV_2019/html/Najibi_AutoFocus_Efficient_Multi-Scale_Inference_ICCV_2019_paper.html,"Najibi et al. *AutoFocus: Efficient Multi-Scale Inference*. ICCV, 2019。CVF 官方论文",,https://openaccess.thecvf.com/content_ICCV_2019/html/Najibi_AutoFocus_Efficient_Multi-Scale_Inference_ICCV_2019_paper.html,historical_record,HISTORY,历史报告原条目迁移；具体F/A/S等与范围见record_text，本次不自动升级核查深度,,archive/reports/tea_vision_novelty_audit_2026-09-05.md::C01,71,2026-09-05,"| C01 | Najibi et al. *AutoFocus: Efficient Multi-Scale Inference*. ICCV, 2019。[CVF 官方论文](https://openaccess.thecvf.com/content_ICCV_2019/html/Najibi_AutoFocus_Efficient_Multi-Scale_Inference_ICCV_2019_paper.html) | A | 先粗看，再选择区域做细尺度推理。只做粗检测后裁剪放大，难以构成新方法。 |"
H086,https://proceedings.mlsys.org/paper_files/paper/2019/hash/b3ac5aacb06c91fda1af776a677100ab-Abstract.html,"Chin et al. *AdaScale: Towards Real-time Video Object Detection using Adaptive Scaling*. MLSys, 2019。官方论文集",,https://proceedings.mlsys.org/paper_files/paper/2019/hash/b3ac5aacb06c91fda1af776a677100ab-Abstract.html,historical_record,HISTORY,历史报告原条目迁移；具体F/A/S等与范围见record_text，本次不自动升级核查深度,,archive/reports/tea_vision_novelty_audit_2026-09-05.md::C02,72,2026-09-05,"| C02 | Chin et al. *AdaScale: Towards Real-time Video Object Detection using Adaptive Scaling*. MLSys, 2019。[官方论文集](https://proceedings.mlsys.org/paper_files/paper/2019/hash/b3ac5aacb06c91fda1af776a677100ab-Abstract.html) | A | 根据视频信息自适应选择输入尺度。ROI 方案若同时改变分辨率，应与这种计算分配思路比较。 |"
H087,10.1145/3447993.3483274,"Jiang et al. *Flexible High-resolution Object Detection on Edge Devices with Tunable Latency*（Remix）. MobiCom, 2021. DOI: 10.1145/3447993.3483274。作者机构",10.1145/3447993.3483274,https://www.microsoft.com/en-us/research/publication/flexible-high-resolution-object-detection-on-edge-devices-with-tunable-latency/,historical_record,HISTORY,历史报告原条目迁移；具体F/A/S等与范围见record_text，本次不自动升级核查深度,,archive/reports/tea_vision_novelty_audit_2026-09-05.md::C03,73,2026-09-05,"| C03 | Jiang et al. *Flexible High-resolution Object Detection on Edge Devices with Tunable Latency*（Remix）. MobiCom, 2021. DOI: 10.1145/3447993.3483274。[作者机构](https://www.microsoft.com/en-us/research/publication/flexible-high-resolution-object-detection-on-edge-devices-with-tunable-latency/) | A | 延迟预算下的区域划分与检测计算配置已有研究。新方案需要证明超出一般的预算分配与分块推理。 |"
H088,10.1109/iccps61052.2024.00035,"*Achieving Real-time Visual Tracking with Low-Cost Edge AI*. ICCPS, 2024. DOI: 10.1109/ICCPS61052.2024.00035。IEEE",10.1109/ICCPS61052.2024.00035,https://ieeexplore.ieee.org/document/10571650/,historical_record,HISTORY,历史报告原条目迁移；具体F/A/S等与范围见record_text，本次不自动升级核查深度,,archive/reports/tea_vision_novelty_audit_2026-09-05.md::C04,74,2026-09-05,"| C04 | *Achieving Real-time Visual Tracking with Low-Cost Edge AI*. ICCPS, 2024. DOI: 10.1109/ICCPS61052.2024.00035。[IEEE](https://ieeexplore.ieee.org/document/10571650/) | S | 低成本边缘视觉跟踪已有直接近邻，检索发现其涉及自适应 ROI。具体算法和篇幅应取得作者稿再定量比较，不用题名保证部署结果。 |"
H089,https://arxiv.org/abs/2608.23923,*ROI-Gated SAHI: Content-Adaptive Slicing-Based Inference for Efficient Object Detection*. arXiv:2608.23923，2026-08-25。原文,,https://arxiv.org/abs/2608.23923,historical_record,HISTORY,历史报告原条目迁移；具体F/A/S等与范围见record_text，本次不自动升级核查深度,,archive/reports/tea_vision_novelty_audit_2026-09-05.md::P01,80,2026-09-05,| P01 | *ROI-Gated SAHI: Content-Adaptive Slicing-Based Inference for Efficient Object Detection*. arXiv:2608.23923，2026-08-25。[原文](https://arxiv.org/abs/2608.23923) | A | 前景候选限制切片细化，并采用路由策略。其摘要也报告固定 ROI 门控在所测完整数据上并非总能提速。属于近期预印本，不能称成熟 SCI 证据；可提醒本项目检验候选生成开销和场景稠密度。 |
H090,https://arxiv.org/abs/2602.06834,*Perception-Control Coupled Visual Servoing for Textureless Objects Using Keypoint-Based EKF*. arXiv:2602.06834，2026-02。原文,,https://arxiv.org/abs/2602.06834,historical_record,HISTORY,历史报告原条目迁移；具体F/A/S等与范围见record_text，本次不自动升级核查深度,,archive/reports/tea_vision_novelty_audit_2026-09-05.md::P02,81,2026-09-05,| P02 | *Perception-Control Coupled Visual Servoing for Textureless Objects Using Keypoint-Based EKF*. arXiv:2602.06834，2026-02。[原文](https://arxiv.org/abs/2602.06834) | A | 已将关键点、EKF、相机运动反馈和不确定性感知控制结合。仅添加 EKF/协方差难以形成新颖点；其刚性物体任务与非刚性茶芽要明确区分。 |
H091,https://arxiv.org/abs/2607.26921,*From Keypoints to Predictive Distributions: Post-Hoc Uncertainty for YOLO-Pose Models*. arXiv:2607.26921，2026-07-29。原文,,https://arxiv.org/abs/2607.26921,historical_record,HISTORY,历史报告原条目迁移；具体F/A/S等与范围见record_text，本次不自动升级核查深度,,archive/reports/tea_vision_novelty_audit_2026-09-05.md::P03,82,2026-09-05,| P03 | *From Keypoints to Predictive Distributions: Post-Hoc Uncertainty for YOLO-Pose Models*. arXiv:2607.26921，2026-07-29。[原文](https://arxiv.org/abs/2607.26921) | A | 为 YOLO-Pose 增加并校准空间预测分布已有近期公开工作。“关键点带不确定性”本身不是充分创新。 |
H092,10.1002/jsfa.13987,Zhang et al. *Research on the Tender Leaf Identification and Mechanically Perceptible Plucking Finger for High-quality Green Tea*. 作者公开稿 arXiv:2405.05500，2024；记录关联 DOI: 10.1002/jsfa.13987。作者公开稿,10.1002/jsfa.13987,https://arxiv.org/abs/2405.05500,historical_record,HISTORY,历史报告原条目迁移；具体F/A/S等与范围见record_text，本次不自动升级核查深度,,archive/reports/tea_vision_novelty_audit_2026-09-05.md::P04,83,2026-09-05,| P04 | Zhang et al. *Research on the Tender Leaf Identification and Mechanically Perceptible Plucking Finger for High-quality Green Tea*. 作者公开稿 arXiv:2405.05500，2024；记录关联 DOI: 10.1002/jsfa.13987。[作者公开稿](https://arxiv.org/abs/2405.05500) | A | 已结合嫩叶识别、有限元确定夹指/应变片设计和夹持力反馈。不能把“视觉＋柔性夹指＋力反馈”独立当作新贡献。本次未取得关联期刊页面，故不自行填写该期刊版本年份、卷期或入藏状态。 |
L001,10.3390/s25237219,Impedance Control Method for Tea-Picking Robotic Dexterous Hand Based on WOA-KAN,10.3390/s25237219,https://www.mdpi.com/1424-8220/25/23/7219,journal,F,复核出版社提供的全文副本第3.4.1节和表4；平台组成、引用的视觉研究与110/94/89计数,有视觉平台背景及采摘/力控实验；统计不能证明自主区域发现、主动补扫和终止,literature/current_sources.json::L001,,2026-09-06,"{""id"": ""L001"", ""title"": ""Impedance Control Method for Tea-Picking Robotic Dexterous Hand Based on WOA-KAN"", ""identifier"": ""10.3390/s25237219"", ""primary_url"": ""https://www.mdpi.com/1424-8220/25/23/7219"", ""alternate_url"": ""https://www.researchgate.net/publication/398014862_Impedance_Control_Method_for_Tea-Picking_Robotic_Dexterous_Hand_Based_on_WOA-KAN"", ""kind"": ""journal"", ""evidence_level"": ""F"", ""verification_scope"": ""复核出版社提供的全文副本第3.4.1节和表4；平台组成、引用的视觉研究与110/94/89计数"", ""supported_claim_and_limit"": ""有视觉平台背景及采摘/力控实验；统计不能证明自主区域发现、主动补扫和终止"", ""recorded_at"": ""2026-09-06""}"
L002,10.1016/j.compag.2025.110266,Multiple object tracking with multi-view active vision to effectively find plant nodes in a cluttered tomato greenhouse,10.1016/j.compag.2025.110266,https://research.wur.nl/en/publications/multiple-object-tracking-with-multi-view-active-vision-to-effecti/,journal,A,作者机构摘要；10株自然温室植株、预定视点与MOT/MAV组合比较,主动换视点提高植物节点发现已有实证；PCO和召回分母/停止规则须进一步正文对照,literature/current_sources.json::L002,,2026-09-06,"{""id"": ""L002"", ""title"": ""Multiple object tracking with multi-view active vision to effectively find plant nodes in a cluttered tomato greenhouse"", ""identifier"": ""10.1016/j.compag.2025.110266"", ""primary_url"": ""https://research.wur.nl/en/publications/multiple-object-tracking-with-multi-view-active-vision-to-effecti/"", ""alternate_url"": ""https://edepot.wur.nl/691019"", ""kind"": ""journal"", ""evidence_level"": ""A"", ""verification_scope"": ""作者机构摘要；10株自然温室植株、预定视点与MOT/MAV组合比较"", ""supported_claim_and_limit"": ""主动换视点提高植物节点发现已有实证；PCO和召回分母/停止规则须进一步正文对照"", ""recorded_at"": ""2026-09-06""}"
L003,arxiv:2412.10515,Active Semantic Mapping with Mobile Manipulator in Horticultural Environments,arXiv:2412.10515,https://arxiv.org/html/2412.10515v1,preprint,F,作者全文III和IV；概率语义地图、初扫、聚类、视点收益、实物演示,初扫概率云几何选视点框架已有；表面覆盖不等于对象级发现率；按所读预印本版本记录,literature/current_sources.json::L003,,2026-09-06,"{""id"": ""L003"", ""title"": ""Active Semantic Mapping with Mobile Manipulator in Horticultural Environments"", ""identifier"": ""arXiv:2412.10515"", ""primary_url"": ""https://arxiv.org/html/2412.10515v1"", ""alternate_url"": ""https://github.com/jrcuaranv/nbv_planning"", ""kind"": ""preprint"", ""evidence_level"": ""F"", ""verification_scope"": ""作者全文III和IV；概率语义地图、初扫、聚类、视点收益、实物演示"", ""supported_claim_and_limit"": ""初扫概率云几何选视点框架已有；表面覆盖不等于对象级发现率；按所读预印本版本记录"", ""recorded_at"": ""2026-09-06""}"
L004,10.3390/s24216777,Vision-Based Localization Method for Picking Points in Tea-Harvesting Robots,10.3390/s24216777,https://www.mdpi.com/1424-8220/24/21/6777,journal,A,历史原始摘要及本轮引用链核对,远景ROI、近景茎分割及深度定位已有；定位成功不是区域采净,literature/current_sources.json::L004,,2026-09-06,"{""id"": ""L004"", ""title"": ""Vision-Based Localization Method for Picking Points in Tea-Harvesting Robots"", ""identifier"": ""10.3390/s24216777"", ""primary_url"": ""https://www.mdpi.com/1424-8220/24/21/6777"", ""alternate_url"": ""https://pubmed.ncbi.nlm.nih.gov/39517674/"", ""kind"": ""journal"", ""evidence_level"": ""A"", ""verification_scope"": ""历史原始摘要及本轮引用链核对"", ""supported_claim_and_limit"": ""远景ROI、近景茎分割及深度定位已有；定位成功不是区域采净"", ""recorded_at"": ""2026-09-06""}"
L005,10.1016/j.biosystemseng.2024.09.018,Semantics-aware next-best-view planning for efficient search and detection of task-relevant plant parts,10.1016/j.biosystemseng.2024.09.018,https://www.sciencedirect.com/science/article/pii/S1537511024002204,journal,HISTORY,既有报告R10原始/作者摘要核查；本次迁移,任务相关植物部位主动搜索已有；补查未知目标探索与真值/成本字段,literature/current_sources.json::L005,,2026-09-06,"{""id"": ""L005"", ""title"": ""Semantics-aware next-best-view planning for efficient search and detection of task-relevant plant parts"", ""identifier"": ""10.1016/j.biosystemseng.2024.09.018"", ""primary_url"": ""https://www.sciencedirect.com/science/article/pii/S1537511024002204"", ""alternate_url"": ""https://arxiv.org/abs/2306.09801"", ""kind"": ""journal"", ""evidence_level"": ""HISTORY"", ""verification_scope"": ""既有报告R10原始/作者摘要核查；本次迁移"", ""supported_claim_and_limit"": ""任务相关植物部位主动搜索已有；补查未知目标探索与真值/成本字段"", ""recorded_at"": ""2026-09-06""}"
L006,10.3389/fpls.2026.1739203,TeaNeRF: an integrated 3D visual perception pipeline for tea bud harvesting,10.3389/fpls.2026.1739203,https://www.frontiersin.org/journals/plant-science/articles/10.3389/fpls.2026.1739203/full,journal,HISTORY,既有报告相关全文段落核查；本次迁移,多视角茶芽三维感知、计数、候选点已有；不是完整动态采摘闭环,literature/current_sources.json::L006,,2026-09-06,"{""id"": ""L006"", ""title"": ""TeaNeRF: an integrated 3D visual perception pipeline for tea bud harvesting"", ""identifier"": ""10.3389/fpls.2026.1739203"", ""primary_url"": ""https://www.frontiersin.org/journals/plant-science/articles/10.3389/fpls.2026.1739203/full"", ""alternate_url"": """", ""kind"": ""journal"", ""evidence_level"": ""HISTORY"", ""verification_scope"": ""既有报告相关全文段落核查；本次迁移"", ""supported_claim_and_limit"": ""多视角茶芽三维感知、计数、候选点已有；不是完整动态采摘闭环"", ""recorded_at"": ""2026-09-06""}"
L007,10.3389/fpls.2026.1786144,Tea bud pose estimation and grading detection network based on improved YOLOv7,10.3389/fpls.2026.1786144,https://www.frontiersin.org/journals/plant-science/articles/10.3389/fpls.2026.1786144/full,journal,HISTORY,历史报告记录全文标注规则；本次未重新逐段读取,结构关键点/分级已有；严重遮挡标注排除规则不能外推成区域无漏检,literature/current_sources.json::L007,,2026-09-06,"{""id"": ""L007"", ""title"": ""Tea bud pose estimation and grading detection network based on improved YOLOv7"", ""identifier"": ""10.3389/fpls.2026.1786144"", ""primary_url"": ""https://www.frontiersin.org/journals/plant-science/articles/10.3389/fpls.2026.1786144/full"", ""alternate_url"": """", ""kind"": ""journal"", ""evidence_level"": ""HISTORY"", ""verification_scope"": ""历史报告记录全文标注规则；本次未重新逐段读取"", ""supported_claim_and_limit"": ""结构关键点/分级已有；严重遮挡标注排除规则不能外推成区域无漏检"", ""recorded_at"": ""2026-09-06""}"
L008,10.1016/j.compag.2025.110441,Kinetostatic modeling of clamping force in a tendon-driven soft robotic gripper for tea shoot plucking,10.1016/j.compag.2025.110441,https://www.sciencedirect.com/science/article/pii/S0168169925005472,journal,S,出版方检索索引中的摘要和Highlights,300次田间试验94.33%采摘成功；不是全区域视觉发现或等级正确率,literature/current_sources.json::L008,,2026-09-06,"{""id"": ""L008"", ""title"": ""Kinetostatic modeling of clamping force in a tendon-driven soft robotic gripper for tea shoot plucking"", ""identifier"": ""10.1016/j.compag.2025.110441"", ""primary_url"": ""https://www.sciencedirect.com/science/article/pii/S0168169925005472"", ""alternate_url"": """", ""kind"": ""journal"", ""evidence_level"": ""S"", ""verification_scope"": ""出版方检索索引中的摘要和Highlights"", ""supported_claim_and_limit"": ""300次田间试验94.33%采摘成功；不是全区域视觉发现或等级正确率"", ""recorded_at"": ""2026-09-06""}"
L009,10.1155/sec/9829724,RETRACTION: Intelligent Tea-Picking System Based on Active Computer Vision and Internet of Things,10.1155/sec/9829724,https://onlinelibrary.wiley.com/doi/10.1155/sec/9829724,retraction_notice,RETRACTED,出版商撤稿通知题名、日期和原论文关联核对,2025-08-12撤稿；原2021工作不可作可靠茶园实证；不能因此主张概念首次,literature/current_sources.json::L009,,2026-09-06,"{""id"": ""L009"", ""title"": ""RETRACTION: Intelligent Tea-Picking System Based on Active Computer Vision and Internet of Things"", ""identifier"": ""10.1155/sec/9829724"", ""primary_url"": ""https://onlinelibrary.wiley.com/doi/10.1155/sec/9829724"", ""alternate_url"": ""https://onlinelibrary.wiley.com/doi/10.1155/2021/5302783"", ""kind"": ""retraction_notice"", ""evidence_level"": ""RETRACTED"", ""verification_scope"": ""出版商撤稿通知题名、日期和原论文关联核对"", ""supported_claim_and_limit"": ""2025-08-12撤稿；原2021工作不可作可靠茶园实证；不能因此主张概念首次"", ""recorded_at"": ""2026-09-06""}"
L010,https://tidenews.com.cn/news.html?id=3413652,这个大家伙能采好茶吗？杭州茶园里来了采茶机器人,,https://tidenews.com.cn/news.html?id=3413652,news,NEWS,潮新闻2026-04-08现场采访全文,鸿耘团队自报90%识别、80%采摘、3500芽/小时；缺少区域全分母和分级统计,literature/current_sources.json::L010,,2026-09-06,"{""id"": ""L010"", ""title"": ""这个大家伙能采好茶吗？杭州茶园里来了采茶机器人"", ""identifier"": """", ""primary_url"": ""https://tidenews.com.cn/news.html?id=3413652"", ""alternate_url"": """", ""kind"": ""news"", ""evidence_level"": ""NEWS"", ""verification_scope"": ""潮新闻2026-04-08现场采访全文"", ""supported_claim_and_limit"": ""鸿耘团队自报90%识别、80%采摘、3500芽/小时；缺少区域全分母和分级统计"", ""recorded_at"": ""2026-09-06""}"
L011,https://www.stdaily.com/web/gdxw/2025-04/02/content_319139.html,重庆首款山地名优茶智能采摘机器人上岗,,https://www.stdaily.com/web/gdxw/2025-04/02/content_319139.html,news,NEWS,科技日报2025-04-02原始报道全文,团队自报单芽采摘90%、完整率>95%；不能拼成区域覆盖和等级双高,literature/current_sources.json::L011,,2026-09-06,"{""id"": ""L011"", ""title"": ""重庆首款山地名优茶智能采摘机器人上岗"", ""identifier"": """", ""primary_url"": ""https://www.stdaily.com/web/gdxw/2025-04/02/content_319139.html"", ""alternate_url"": """", ""kind"": ""news"", ""evidence_level"": ""NEWS"", ""verification_scope"": ""科技日报2025-04-02原始报道全文"", ""supported_claim_and_limit"": ""团队自报单芽采摘90%、完整率>95%；不能拼成区域覆盖和等级双高"", ""recorded_at"": ""2026-09-06""}"
L012,https://www.inspire-robots.com/news/company%20news/2026-08-22/326.html,智芯耀盛会｜因时灵巧手全域亮相世界人形机器人运动会开幕式,,https://www.inspire-robots.com/news/company%20news/2026-08-22/326.html,company,COMPANY,企业2026-08-22页面茶山展示段落,企业展示采茶等并宣称无损伤；无区域清点、分级或完整自主流程统计,literature/current_sources.json::L012,,2026-09-06,"{""id"": ""L012"", ""title"": ""智芯耀盛会｜因时灵巧手全域亮相世界人形机器人运动会开幕式"", ""identifier"": """", ""primary_url"": ""https://www.inspire-robots.com/news/company%20news/2026-08-22/326.html"", ""alternate_url"": """", ""kind"": ""company"", ""evidence_level"": ""COMPANY"", ""verification_scope"": ""企业2026-08-22页面茶山展示段落"", ""supported_claim_and_limit"": ""企业展示采茶等并宣称无损伤；无区域清点、分级或完整自主流程统计"", ""recorded_at"": ""2026-09-06""}"
L013,10.13305/j.cnki.jts.2024.01.003,Experimental Study on High-quality Tea Plucking by Robot,10.13305/j.cnki.jts.2024.01.003,https://www.tea-science.com/EN/10.13305/j.cnki.jts.2024.01.003,journal,A,出版方摘要,检测88.54%、总体采摘61.30%；系统评价已有，闭环补扫和真值分母需正文核查,literature/current_sources.json::L013,,2026-09-06,"{""id"": ""L013"", ""title"": ""Experimental Study on High-quality Tea Plucking by Robot"", ""identifier"": ""10.13305/j.cnki.jts.2024.01.003"", ""primary_url"": ""https://www.tea-science.com/EN/10.13305/j.cnki.jts.2024.01.003"", ""alternate_url"": """", ""kind"": ""journal"", ""evidence_level"": ""A"", ""verification_scope"": ""出版方摘要"", ""supported_claim_and_limit"": ""检测88.54%、总体采摘61.30%；系统评价已有，闭环补扫和真值分母需正文核查"", ""recorded_at"": ""2026-09-06""}"
L014,10.1007/s10846-026-02393-x,Active Perception for Grapevine Information Acquisition Using Information-Theoretic Viewpoint Selection,10.1007/s10846-026-02393-x,https://link.springer.com/article/10.1007/s10846-026-02393-x,journal,A,2026-09-06重开出版方网页，核对摘要、书目与附录说明；未读取完整PDF实验段落,植物结构存在概率、几何不确定性、信息收益及重复观察惩罚已有；摘要称实物实验，但网页Data Availability措辞与之不一致，具体实验设计需全文核查,literature/current_sources.json::L014,,2026-09-06,"{""id"": ""L014"", ""title"": ""Active Perception for Grapevine Information Acquisition Using Information-Theoretic Viewpoint Selection"", ""identifier"": ""10.1007/s10846-026-02393-x"", ""primary_url"": ""https://link.springer.com/article/10.1007/s10846-026-02393-x"", ""alternate_url"": """", ""kind"": ""journal"", ""evidence_level"": ""A"", ""verification_scope"": ""2026-09-06重开出版方网页，核对摘要、书目与附录说明；未读取完整PDF实验段落"", ""supported_claim_and_limit"": ""植物结构存在概率、几何不确定性、信息收益及重复观察惩罚已有；摘要称实物实验，但网页Data Availability措辞与之不一致，具体实验设计需全文核查"", ""recorded_at"": ""2026-09-06""}"
L015,arxiv:2605.05095,A Bayesian Approach for Task-Specific Next-Best-View Selection with Uncertain Geometry,arXiv:2605.05095,https://arxiv.org/abs/2605.05095,preprint,A,2026-09-06重开作者arXiv摘要与版本信息；作者记录ACM SIGGRAPH 2026,贝叶斯几何不确定性用于任务相关NBV；作者稿列出分类、分割、PDE模拟任务；不作为茶芽实验或SCI期刊证据,literature/current_sources.json::L015,,2026-09-06,"{""id"": ""L015"", ""title"": ""A Bayesian Approach for Task-Specific Next-Best-View Selection with Uncertain Geometry"", ""identifier"": ""arXiv:2605.05095"", ""primary_url"": ""https://arxiv.org/abs/2605.05095"", ""alternate_url"": """", ""kind"": ""preprint"", ""evidence_level"": ""A"", ""verification_scope"": ""2026-09-06重开作者arXiv摘要与版本信息；作者记录ACM SIGGRAPH 2026"", ""supported_claim_and_limit"": ""贝叶斯几何不确定性用于任务相关NBV；作者稿列出分类、分割、PDE模拟任务；不作为茶芽实验或SCI期刊证据"", ""recorded_at"": ""2026-09-06""}"
L016,10.1177/0278364918759606,A unified framework for data association aware robust belief space planning and perception,10.1177/0278364918759606,https://journals.sagepub.com/doi/abs/10.1177/0278364918759606,journal,A,"2026-09-06从此前来源恢复并核对出版方摘要、题名和DOI；IJRR 2018, 37(2-3), 287–315",候选动作下显式推理数据关联与混合高斯信念、主动消歧已有；摘要报告办公室机器人实验，不是茶芽场景,literature/current_sources.json::L016,,2026-09-06,"{""id"": ""L016"", ""title"": ""A unified framework for data association aware robust belief space planning and perception"", ""identifier"": ""10.1177/0278364918759606"", ""primary_url"": ""https://journals.sagepub.com/doi/abs/10.1177/0278364918759606"", ""alternate_url"": """", ""kind"": ""journal"", ""evidence_level"": ""A"", ""verification_scope"": ""2026-09-06从此前来源恢复并核对出版方摘要、题名和DOI；IJRR 2018, 37(2-3), 287–315"", ""supported_claim_and_limit"": ""候选动作下显式推理数据关联与混合高斯信念、主动消歧已有；摘要报告办公室机器人实验，不是茶芽场景"", ""recorded_at"": ""2026-09-06""}"
